date,code,notice_date,pdf_url,provisional_purpose,decision,evidence
2024-01-03,sh.603379,2024-01-02,https://static.cninfo.com.cn/finalpage/2024-01-02/1218785029.PDF,employee,employee,原件用途：用于员工持股计划及/或股权激励
2024-01-04,sz.000423,2024-01-03,https://static.cninfo.com.cn/finalpage/2024-01-03/1218792285.PDF,employee,employee,原件用途：实施股权激励计划；回购数量：拟回购股份数量下限为151.2332万股（含），上限为166万股（含）；回购价格：不超过人民币74.82元/股（含），不高于董事会通过回购决议前30个交易日公司股票交易均价的150%
2024-01-05,sz.002550,2024-01-04,https://static.cninfo.com.cn/finalpage/2024-01-04/1218800381.PDF,employee,employee,原件用途：本次回购的股份拟用于股权激励或员工持股计划
2024-01-08,sh.603018,2024-01-06,https://static.cninfo.com.cn/finalpage/2024-01-06/1218817346.PDF,employee,mixed,"原件用途：用于股权激励、转换上市公司发行的可转换为股票的公司债券回购资金总额：不低于人民币4,000万元、不超过人民币8,000万元回购的价格：不超过人民币11.00元/股回购期限：自董事会审议通过回购股份方案之日"
2024-01-08,sh.603416,2024-01-06,https://static.cninfo.com.cn/finalpage/2024-01-06/1218815272.PDF,employee,employee,原件用途：拟用于员工持股计划或股权激励
2024-01-08,sz.000603,2024-01-06,https://static.cninfo.com.cn/finalpage/2024-01-06/1218816309.PDF,employee,employee,原件用途：用于公司后续实施股权激励或员工持股计划，可能存在因股权激励或员工持股计划未能经公司董事会和股东大会等决策机构审议通过、激励对象放弃认购等原因，导致已回购股份无法全部授出的风险
2024-01-08,sz.002043,2024-01-06,https://static.cninfo.com.cn/finalpage/2024-01-06/1218816889.PDF,unknown,other,原件本次用途为维护价值并择机出售，注销仅属条件性后续
2024-01-10,sz.301201,2024-01-09,https://static.cninfo.com.cn/finalpage/2024-01-09/1218834911.PDF,employee,employee,原件用途：全部用于实施股权激励计划或员工持股计划
2024-01-10,sz.301267,2024-01-09,https://static.cninfo.com.cn/finalpage/2024-01-09/1218830172.PDF,employee,employee,原件用途：本次回购的股份将用于实施员工持股计划或股权激励
2024-01-11,sh.603530,2024-01-10,https://static.cninfo.com.cn/finalpage/2024-01-10/1218838228.PDF,employee,employee,"原件用途：本次回购的股份拟全部用于公司股权激励及/或员工持股计划；公司如未能在股份回购实施完成之后36个月内使用完毕已回购的股份，尚未使用的已回购股份将予以注销；回购股份的资金总额：不低于人民币5,000万元（含），不"
2024-01-11,sh.688326,2024-01-10,https://static.cninfo.com.cn/finalpage/2024-01-10/1218837602.PDF,employee,employee,原件用途：本次回购的股份将在未来适宜时机用于员工持股计划或股权激励，并在公司披露股份回购实施结果暨股份变动公告日后三年内予以转让；若公司本次回购的股份未能在上述规定期限内转让完毕，将依法履行减少注册资本的程序，尚未转让的
2024-01-11,sz.002279,2024-01-10,https://static.cninfo.com.cn/finalpage/2024-01-10/1218836026.PDF,unknown,employee,原件本次用途为员工持股或股权激励；未写明纯注销
2024-01-12,sh.689009,2024-01-11,https://static.cninfo.com.cn/finalpage/2024-01-11/1218848573.PDF,unknown,employee,原件本次用途为员工持股或股权激励；未写明纯注销
2024-01-15,sh.603306,2024-01-12,https://static.cninfo.com.cn/finalpage/2024-01-12/1218858502.PDF,employee,employee,原件用途：用于员工持股计划，公司如在股份回购完成之后36个月内未能实施上述用途，或所回购的股份未全部用于上述用途，未使用的部分将依法予以注销，公司将启动另行处置的程序
2024-01-15,sh.688279,2024-01-12,https://static.cninfo.com.cn/finalpage/2024-01-12/1218859242.PDF,employee,employee,原件用途：峰岹科技（深圳）股份有限公司（以下简称“公司”）拟在未来适宜时机将本次回购的股份全部用于员工持股计划或股权激励计划；若公司未能在股份回购实施结果暨股份变动公告后3年内使用完毕已回购股份，则尚未使用的已回购股份将
2024-01-15,sz.002555,2024-01-13,https://static.cninfo.com.cn/finalpage/2024-01-13/1218869828.PDF,unknown,pure_cancel,原件本次A股回购用途仅为注销并减少注册资本
2024-01-15,sz.002572,2024-01-12,https://static.cninfo.com.cn/finalpage/2024-01-12/1218858835.PDF,employee,employee,原件用途：本次回购的股份将用于股权激励或员工持股计划，具体经董事会和股东大会依据有关法律法规审议并决定实施方式
2024-01-15,sz.300379,2024-01-13,https://static.cninfo.com.cn/finalpage/2024-01-13/1218868324.PDF,employee,employee,原件用途：本次回购的股份将全部用于实施员工持股计划或股权激励
2024-01-16,sh.603612,2024-01-15,https://static.cninfo.com.cn/finalpage/2024-01-15/1218880279.PDF,employee,employee,原件用途：用于股权激励或员工持股计划
2024-01-17,sh.600487,2024-01-16,https://static.cninfo.com.cn/finalpage/2024-01-16/1218890571.PDF,employee,employee,原件用途：用于员工持股计划，若公司未能在股份回购实施结果暨股份变动公告日后3年内使用完毕已回购股份，尚未使用的已回购股份将予以注销
2024-01-18,sh.688349,2024-01-17,https://static.cninfo.com.cn/finalpage/2024-01-17/1218917739.PDF,employee,employee,原件用途：用于实施员工持股计划或股权激励
2024-01-18,sz.000921,2024-01-17,https://static.cninfo.com.cn/finalpage/2024-01-17/1218918202.PDF,unknown,employee,原件本次用途为员工持股或股权激励；未写明纯注销
2024-01-22,sh.688258,2024-01-20,https://static.cninfo.com.cn/finalpage/2024-01-20/1218957049.PDF,employee,employee,原件用途：本次回购的股份将全部用于员工股权激励或员工持股计划，并在股份回购实施结果暨股份变动公告日后三年内予以转让；若公司未能以本次回购的股份在股份回购实施结果暨股份变动公告日后三年内转让完毕，则将依法履行减少注册资本的
2024-01-22,sz.000661,2024-01-20,https://static.cninfo.com.cn/finalpage/2024-01-20/1218955971.PDF,employee,employee,原件用途：回购股份将用于后续公司及子公司核心团队实施股权激励
2024-01-22,sz.300126,2024-01-19,https://static.cninfo.com.cn/finalpage/2024-01-19/1218949948.PDF,employee,employee,原件用途：本次回购的股份拟用于公司未来实施员工持股计划及/或股权激励
2024-01-23,sz.300768,2024-01-22,https://static.cninfo.com.cn/finalpage/2024-01-22/1218969553.PDF,employee,employee,原件用途：实施员工持股计划或者股权激励
2024-01-24,sh.600373,2024-01-23,https://static.cninfo.com.cn/finalpage/2024-01-23/1218968405.PDF,cancel,pure_cancel,原件本次A股回购用途仅为注销并减少注册资本
2024-01-24,sz.000925,2024-01-23,https://static.cninfo.com.cn/finalpage/2024-01-23/1218969859.PDF,employee,employee,原件用途：本次回购的股份将用于员工持股计划，具体经董事会和股东大会依据有关法律法规审议并决定实施方式
2024-01-24,sz.002324,2024-01-23,https://static.cninfo.com.cn/finalpage/2024-01-23/1218969703.PDF,employee,employee,原件用途：本次回购股份拟用于实施股权激励或员工持股计划
2024-01-24,sz.300005,2024-01-23,https://static.cninfo.com.cn/finalpage/2024-01-23/1218978767.PDF,employee,employee,原件用途：本次回购的股份将用于实施股权激励或员工持股计划
2024-01-24,sz.300841,2024-01-23,https://static.cninfo.com.cn/finalpage/2024-01-23/1218979672.PDF,employee,employee,原件用途：本次回购股份将用于股权激励或员工持股计划，若公司未能在本次股份回购实施结果暨股份变动公告日后三年内使用完毕已回购股份，尚未使用的已回购股份将依法予以注销
2024-01-25,sh.603061,2024-01-24,https://static.cninfo.com.cn/finalpage/2024-01-24/1218977799.PDF,maintain,other,原件用途：、资金总额、回购期限、回购价格区间：1、本次拟回购股份的用途：为维护公司价值及股东权益，公司所回购股份将按照有关规定用于出售；如公司有员工持股计划或股权激励的用途，亦可以考虑将回购的股份用途调整为员工持股计划或
2024-01-25,sz.002139,2024-01-24,https://static.cninfo.com.cn/finalpage/2024-01-24/1218978273.PDF,unknown,employee,原件本次用途为员工持股或股权激励；未写明纯注销
2024-01-25,sz.002532,2024-01-24,https://static.cninfo.com.cn/finalpage/2024-01-24/1218979256.PDF,employee,employee,原件用途：本次回购的股份后续将全部用于实施员工持股计划或股权激励计划，若公司未能在本次回购实施完成之日起36个月内将已回购的股份用于前述用途的，未使用部分的回购股份应予以注销
2024-01-25,sz.300702,2024-01-24,https://static.cninfo.com.cn/finalpage/2024-01-24/1218989945.PDF,employee,employee,原件用途：本次回购的股份将用于实施股权激励计划或员工持股计划
2024-01-25,sz.301160,2024-01-24,https://static.cninfo.com.cn/finalpage/2024-01-24/1218990279.PDF,employee,mixed,原件用途：本次回购的股份将在未来适宜时机用于员工持股计划、股权激励，或用于转换上市公司发行的可转换为股票的公司债券
2024-01-26,sh.600330,2024-01-25,https://static.cninfo.com.cn/finalpage/2024-01-25/1218988709.PDF,employee,employee,原件用途：用于员工持股计划
2024-01-26,sh.600580,2024-01-25,https://static.cninfo.com.cn/finalpage/2024-01-25/1218990514.PDF,employee,employee,"原件用途：拟用于股权激励计划；2、拟回购股份的资金总额：本次拟回购股份的资金总额不低于人民币5,000万元（含5,000万元，下同）,不超过人民币10,000万元（含10,000万元，下同）；3、回购期限：自董事会审议通"
2024-01-26,sh.600718,2024-01-25,https://static.cninfo.com.cn/finalpage/2024-01-25/1218990239.PDF,maintain,pure_cancel,原件用途：本次回购股份目的是维护公司价值及股东权益，本次回购所得股份将在回购完成之后全部予以注销；回购资金总额：回购资金总额不低于人民币1亿元，不超过人民币2亿元；回购价格：不超过人民币12元/股，该价格不高于董事会
2024-01-26,sh.688292,2024-01-25,https://static.cninfo.com.cn/finalpage/2024-01-25/1218989336.PDF,employee,employee,原件用途：本次回购的股份拟在未来适宜时机用于员工持股计划或股权激励，并在股份回购结果暨股份变动公告日后三年内予以转让；若公司未能在本次股份回购实施结果暨股份变动公告日后三年内转让完毕，尚未转让的回购股份将予以注销
2024-01-26,sz.002322,2024-01-25,https://static.cninfo.com.cn/finalpage/2024-01-25/1218990046.PDF,employee,employee,原件用途：用于股权激励或员工持股计划
2024-01-29,sh.601208,2024-01-27,https://static.cninfo.com.cn/finalpage/2024-01-27/1219012613.PDF,employee,employee,原件用途：用于实施股权激励计划
2024-01-29,sz.000555,2024-01-27,https://static.cninfo.com.cn/finalpage/2024-01-27/1219012401.PDF,unknown,employee,原件本次用途为员工持股或股权激励；未写明纯注销
2024-01-29,sz.002250,2024-01-27,https://static.cninfo.com.cn/finalpage/2024-01-27/1219010993.PDF,employee,employee,原件用途：本次回购股份将于未来适宜时机用于员工持股计划或股权激励，具体由公司董事会和股东大会等依据有关法律法规决定
2024-01-29,sz.002859,2024-01-26,https://static.cninfo.com.cn/finalpage/2024-01-26/1219002699.PDF,employee,employee,原件用途：本次回购的股份将用于股权激励或员工持股计划，具体经董事会和股东大会依据有关法律法规审议并决定实施方式
2024-01-29,sz.300075,2024-01-26,https://static.cninfo.com.cn/finalpage/2024-01-26/1219011069.PDF,maintain,other,原件用途：本次回购的股份拟用于本次回购股份基于维护公司价值及股东权益，并将按照有关回购规则和监管指引要求在规定期限内出售
2024-01-30,sz.002937,2024-01-29,https://static.cninfo.com.cn/finalpage/2024-01-29/1219012070.PDF,employee,employee,原件用途：为用于实施股权激励或员工持股计划，具体经董事会和股东大会依据有关法律法规审议并决定实施方式
2024-01-31,sh.603658,2024-01-30,https://static.cninfo.com.cn/finalpage/2024-01-30/1219027652.PDF,cancel,pure_cancel,原件本次A股回购用途仅为注销并减少注册资本
2024-01-31,sh.688018,2024-01-30,https://static.cninfo.com.cn/finalpage/2024-01-30/1219028958.PDF,employee,employee,原件用途：用于员工持股或股权激励计划
2024-01-31,sz.300738,2024-01-30,https://static.cninfo.com.cn/finalpage/2024-01-30/1219043442.PDF,employee,employee,原件用途：全部用于实施股权激励计划或员工持股计划
2024-01-31,sz.300888,2024-01-30,https://static.cninfo.com.cn/finalpage/2024-01-30/1219044542.PDF,employee,employee,原件用途：股权激励或员工持股计划（3）拟回购股份的价格区间：不超过46.00元/股（含）
2024-02-01,sh.603179,2024-01-31,https://static.cninfo.com.cn/finalpage/2024-01-31/1219041971.PDF,employee,employee,原件用途：江苏新泉汽车饰件股份有限公司（以下简称“公司”）拟回购股份用于实施员工持股计划或股权激励
2024-02-01,sh.603185,2024-01-31,https://static.cninfo.com.cn/finalpage/2024-01-31/1219045034.PDF,employee,employee,原件用途：用于员工持股计划或股权激励
2024-02-01,sz.002353,2024-01-31,https://static.cninfo.com.cn/finalpage/2024-01-31/1219040922.PDF,unknown,employee,原件本次用途为员工持股或股权激励；未写明纯注销
2024-02-01,sz.300531,2024-01-31,https://static.cninfo.com.cn/finalpage/2024-01-31/1219055539.PDF,employee,employee,原件用途：用于实施员工持股计划或股权激励
2024-02-01,sz.301382,2024-01-31,https://static.cninfo.com.cn/finalpage/2024-01-31/1219054894.PDF,employee,employee,原件用途：用于实施股权激励计划或员工持股计划
2024-02-02,sh.603596,2024-02-01,https://static.cninfo.com.cn/finalpage/2024-02-01/1219053656.PDF,employee,employee,原件用途：用于后期公司管理层和核心骨干员工实施股权激励或员工持股计划
2024-02-02,sh.603606,2024-02-01,https://static.cninfo.com.cn/finalpage/2024-02-01/1219055504.PDF,employee,employee,原件用途：用于宁波东方电缆股份有限公司（以下简称“公司”）未来员工持股计划或股权激励
2024-02-02,sh.688111,2024-02-01,https://static.cninfo.com.cn/finalpage/2024-02-01/1219056297.PDF,employee,employee,原件用途：本次回购的股份将全部用于实施员工持股计划、股权激励计划，并将在公司披露股份回购实施结果暨股份变动公告后3年内使用完毕；若未能在规定期限内使用完毕董事会将依法履行减少注册资本的程序，尚未使用的已回购股份将被注销
2024-02-02,sz.002821,2024-02-01,https://static.cninfo.com.cn/finalpage/2024-02-01/1219055209.PDF,employee,mixed,原件用途：用于后续实施员工持股计划或股权激励及注销减少注册资本
2024-02-02,sz.300454,2024-02-01,https://static.cninfo.com.cn/finalpage/2024-02-01/1219064924.PDF,employee,employee,原件用途：本次回购的股份将用于实施员工持股计划或股权激励计划
2024-02-05,sh.603236,2024-02-02,https://static.cninfo.com.cn/finalpage/2024-02-02/1219067461.PDF,maintain,other,原件用途：为维护公司价值及股东权益，公司所回购股份将按照有关规定用于出售
2024-02-05,sz.002138,2024-02-03,https://static.cninfo.com.cn/finalpage/2024-02-03/1219081674.PDF,employee,employee,原件用途：将用于公司股权激励计划或员工持股计划
2024-02-05,sz.002812,2024-02-03,https://static.cninfo.com.cn/finalpage/2024-02-03/1219082164.PDF,unknown,employee,原件本次用途为员工持股或股权激励；未写明纯注销
2024-02-05,sz.300567,2024-02-03,https://static.cninfo.com.cn/finalpage/2024-02-03/1219081299.PDF,cancel,mixed,原件用途段并列注销与员工持股或股权激励，非全部注销
2024-02-05,sz.300925,2024-02-02,https://static.cninfo.com.cn/finalpage/2024-02-02/1219080196.PDF,employee,employee,"原件用途：用于实施股权激励或员工持股计划；（3）回购金额：不低于人民币2,500万元且不超过人民币5,000万元（均含本数）"
2024-02-06,sh.600763,2024-02-05,https://static.cninfo.com.cn/finalpage/2024-02-05/1219090364.PDF,cancel,pure_cancel,原件本次A股回购用途仅为注销并减少注册资本
2024-02-06,sh.603517,2024-02-05,https://static.cninfo.com.cn/finalpage/2024-02-05/1219089589.PDF,cancel,pure_cancel,原件本次A股回购用途仅为注销并减少注册资本
2024-02-06,sz.300014,2024-02-05,https://static.cninfo.com.cn/finalpage/2024-02-05/1219094565.PDF,employee,employee,原件用途：本次回购的股份将用于实施员工持股计划或股权激励
2024-02-06,sz.300672,2024-02-05,https://static.cninfo.com.cn/finalpage/2024-02-05/1219094447.PDF,employee,employee,原件用途：实施股权激励或员工持股计划
2024-02-06,sz.300884,2024-02-05,https://static.cninfo.com.cn/finalpage/2024-02-05/1219095658.PDF,employee,employee,原件用途：用于股权激励或员工持股计划
2024-02-07,sh.600031,2024-02-06,https://static.cninfo.com.cn/finalpage/2024-02-06/1219097371.PDF,employee,employee,原件用途：用于员工持股计划或股权激励；2、拟回购股份的资金总额：不低于人民币6亿元，不超过人民币10亿元；3、拟回购股份的价格：不超过人民币18元/股（含），该价格不高于公司董事会审议通过本次回购方案决议前30个交易日公
2024-02-07,sh.605167,2024-02-06,https://static.cninfo.com.cn/finalpage/2024-02-06/1219098322.PDF,employee,employee,原件用途：用于员工持股计划或股权激励
2024-02-07,sz.002008,2024-02-06,https://static.cninfo.com.cn/finalpage/2024-02-06/1219096084.PDF,employee,mixed,原件用途：用于后续实施员工持股计划或股权激励，以及用于维护公司价值及股东权益所必需（出售）
2024-02-07,sz.002273,2024-02-06,https://static.cninfo.com.cn/finalpage/2024-02-06/1219096044.PDF,employee,employee,原件用途：本次拟回购的股份将用于实施股权激励或员工持股计划
2024-02-07,sz.002432,2024-02-06,https://static.cninfo.com.cn/finalpage/2024-02-06/1219096658.PDF,unknown,mixed,原件并列注销与出售或员工持股用途，非全部注销
2024-02-08,sh.600536,2024-02-07,https://static.cninfo.com.cn/finalpage/2024-02-07/1219110035.PDF,maintain,mixed,原件用途：为维护公司价值及股东权益或用于股权激励2、拟回购股份的数量：数量不低于303.03万股，不超过606.06万股，其中50%为维护公司价值，50%用于股权激励3、拟回购股份的资金总额：不低于1亿元，不超过2亿元4
2024-02-08,sh.600557,2024-02-07,https://static.cninfo.com.cn/finalpage/2024-02-07/1219109694.PDF,maintain,pure_cancel,原件用途：本次回购股份目的是维护公司价值及股东权益，本次回购所得股份将在回购完成之后全部予以注销
2024-02-08,sh.600702,2024-02-07,https://static.cninfo.com.cn/finalpage/2024-02-07/1219109389.PDF,employee,employee,原件用途：用于公司的员工持股计划或股权激励
2024-02-08,sz.002351,2024-02-07,https://static.cninfo.com.cn/finalpage/2024-02-07/1219110778.PDF,employee,employee,原件用途：公司本次回购的股份将在未来根据公司实际情况选择适宜时机用于员工持股计划或股权激励
2024-02-08,sz.300347,2024-02-07,https://static.cninfo.com.cn/finalpage/2024-02-07/1219108067.PDF,employee,mixed,原件用途：本次回购的股份将用于实施A股股权激励计划或A股员工持股计划，以及减少公司注册资本
2024-02-19,sh.603798,2024-02-08,https://static.cninfo.com.cn/finalpage/2024-02-08/1219123289.PDF,unknown,other,原件本次用途为维护价值并择机出售，注销仅属条件性后续
2024-02-19,sh.688390,2024-02-08,https://static.cninfo.com.cn/finalpage/2024-02-08/1219122643.PDF,employee,employee,原件用途：回购的股份将在未来适宜时机全部用于员工持股计划或股权激励，并在发布股份回购实施结果暨股份变动公告日后三年内转让；若公司本次回购的股份未能在股份回购实施结果暨股份变动公告日后三年内转让完毕，则将依法履行减少注册资
2024-02-19,sh.688498,2024-02-08,https://static.cninfo.com.cn/finalpage/2024-02-08/1219121157.PDF,employee,employee,原件用途：用于员工持股计划或股权激励
2024-02-19,sz.300207,2024-02-09,https://static.cninfo.com.cn/finalpage/2024-02-09/1219132906.PDF,cancel,pure_cancel,原件本次A股回购用途仅为注销并减少注册资本
2024-02-19,sz.300339,2024-02-09,https://static.cninfo.com.cn/finalpage/2024-02-09/1219132754.PDF,maintain,other,原件用途：本次回购股份用于维护公司价值及股东权益
2024-02-20,sh.603296,2024-02-19,https://static.cninfo.com.cn/finalpage/2024-02-19/1219137541.PDF,employee,employee,原件用途：用于实施股权激励或员工持股计划
2024-02-20,sz.003015,2024-02-19,https://static.cninfo.com.cn/finalpage/2024-02-19/1219132389.PDF,maintain,other,原件用途：拟用于维护公司价值及股东权益
2024-02-20,sz.300395,2024-02-19,https://static.cninfo.com.cn/finalpage/2024-02-19/1219139869.PDF,employee,employee,原件用途：本次回购的股份将用于实施股权激励计划或员工持股计划
2024-02-20,sz.301012,2024-02-19,https://static.cninfo.com.cn/finalpage/2024-02-19/1219139685.PDF,employee,employee,原件用途：本次回购的股份将用于实施员工持股计划或股权激励
2024-02-20,sz.301320,2024-02-19,https://static.cninfo.com.cn/finalpage/2024-02-19/1219138971.PDF,employee,employee,原件用途：本次回购的股份将全部用于股权激励或员工持股计划
2024-02-21,sh.600362,2024-02-20,https://static.cninfo.com.cn/finalpage/2024-02-20/1219138978.PDF,maintain,other,原件用途：本次回购股份的目的系为维护公司价值及股东权益所需，所回购股份将按照有关规定用于出售，逾期未实施出售部分将履行相关监管规定及公司章程规定的程序后予以注销
2024-02-21,sh.600699,2024-02-20,https://static.cninfo.com.cn/finalpage/2024-02-20/1219140633.PDF,employee,employee,原件用途：用于实施员工持股计划或股权激励
2024-02-21,sh.603885,2024-02-20,https://static.cninfo.com.cn/finalpage/2024-02-20/1219139724.PDF,employee,employee,"原件用途：拟用于员工持股计划或股权激励；回购规模：回购资金总额不低于人民币10,000万元（含），不超过人民币20,000万元（含）；回购价格：不超过人民币15.00元/股（含15.00元/股）；回购期限：自董事会"
2024-02-21,sz.002885,2024-02-20,https://static.cninfo.com.cn/finalpage/2024-02-20/1219140668.PDF,employee,employee,原件用途：拟用于员工持股计划或股权激励
2024-02-21,sz.301085,2024-02-20,https://static.cninfo.com.cn/finalpage/2024-02-20/1219142642.PDF,employee,employee,"原件用途：用于股权激励计划或员工持股计划；（3）回购的资金总额及资金来源：本次回购金额总额不低于人民币3,000万元（含本数）且不超过5,000万元（含本数），资金来源均为公司自有资金；（4）回购股份的价格区间及数量：不"
2024-02-22,sh.603626,2024-02-21,https://static.cninfo.com.cn/finalpage/2024-02-21/1219142115.PDF,employee,employee,"原件用途：公司员工持股计划或股权激励；2、回购资金总额：不低于人民币2,000万元（含）且不超过人民币3,000万元（含）；3、回购期限：自董事会审议通过本次回购股份方案之日起不超过12个月；4、回购价格：不超过10.7"
2024-02-22,sh.603950,2024-02-21,https://static.cninfo.com.cn/finalpage/2024-02-21/1219142809.PDF,employee,employee,原件用途：用于员工持股计划或股权激励
2024-02-22,sh.603978,2024-02-21,https://static.cninfo.com.cn/finalpage/2024-02-21/1219143391.PDF,employee,employee,"原件用途：本次回购股份用于员工持股计划或股权激励；回购资金总额：本次回购资金总额不低于人民币3,000万元（含），不超过人民币6,000万元（含）；回购期限：自董事会审议通过本次回购股份方案之日起不超过12个月；回"
2024-02-22,sh.688252,2024-02-21,https://static.cninfo.com.cn/finalpage/2024-02-21/1219142218.PDF,employee,employee,原件用途：公司拟在未来适宜时机将本次回购的股份用于实施员工持股计划或者股权激励，并在股份回购实施结果暨股份变动公告披露后三年内实施完毕，若公司未能在此期限内全部实施完毕，未实施部分的已回购股份将在履行相关法律程序后予以注
2024-02-22,sz.003019,2024-02-21,https://static.cninfo.com.cn/finalpage/2024-02-21/1219143336.PDF,employee,employee,原件用途：本次回购的股份将用于实施股权激励计划
2024-02-23,sh.600779,2024-02-22,https://static.cninfo.com.cn/finalpage/2024-02-22/1219147492.PDF,employee,employee,原件用途：用于实施员工持股计划或股权激励
2024-02-23,sh.688037,2024-02-22,https://static.cninfo.com.cn/finalpage/2024-02-22/1219147323.PDF,employee,employee,原件用途：本次回购的股份将全部用于实施员工持股计划或股权激励计划，并将在公司披露股份回购实施结果暨股份变动公告后3年内使用完毕；若未能在规定期限内使用完毕，则将依法履行减少注册资本的程序，尚未使用的已回购股份将被注销
2024-02-23,sz.002382,2024-02-22,https://static.cninfo.com.cn/finalpage/2024-02-22/1219147150.PDF,maintain,other,原件用途：拟用于维护公司价值及股东权益所必需
2024-02-23,sz.300068,2024-02-22,https://static.cninfo.com.cn/finalpage/2024-02-22/1219146772.PDF,maintain,other,原件用途：用于维护公司价值及股东权益
2024-02-23,sz.300378,2024-02-22,https://static.cninfo.com.cn/finalpage/2024-02-22/1219147296.PDF,maintain,other,原件用途：本次回购股份用于维护公司价值及股东权益
2024-02-26,sh.601865,2024-02-24,https://static.cninfo.com.cn/finalpage/2024-02-24/1219172565.PDF,employee,employee,原件用途：在未来适宜时机用于福莱特玻璃集团股份有限公司（以下简称“公司”或“本公司”）股权激励或员工持股计划
2024-02-26,sz.002819,2024-02-23,https://static.cninfo.com.cn/finalpage/2024-02-23/1219156697.PDF,unknown,other,原件本次用途为维护价值并择机出售，注销仅属条件性后续
2024-02-26,sz.300232,2024-02-23,https://static.cninfo.com.cn/finalpage/2024-02-23/1219157566.PDF,unknown,pure_cancel,原件本次A股回购用途仅为注销并减少注册资本
2024-02-26,sz.300776,2024-02-23,https://static.cninfo.com.cn/finalpage/2024-02-23/1219171810.PDF,employee,employee,原件用途：本次回购的股份将用于实施员工持股计划或股权激励
2024-02-27,sz.300124,2024-02-26,https://static.cninfo.com.cn/finalpage/2024-02-26/1219186496.PDF,employee,employee,原件用途：实施员工持股计划或者股权激励
2024-02-27,sz.300429,2024-02-26,https://static.cninfo.com.cn/finalpage/2024-02-26/1219186101.PDF,employee,employee,"原件用途：实施员工持股计划或股权激励计划；3、回购的资金总额及资金来源：用于回购股份的资金总额不低于人民币3,000万元且不超过人民币5,000万元，本次回购资金为公司自有资金；4、回购价格：不超过人民币12元/股；5、"
2024-02-27,sz.300686,2024-02-26,https://static.cninfo.com.cn/finalpage/2024-02-26/1219185240.PDF,employee,employee,"原件用途：公司实施股权激励计划或员工持股计划；（3）回购股份的资金总额及资金来源：本次回购资金总额不低于人民币3,000.00万元（含本数）且不超过人民币5,000.00万元（含本数），资金来源均为公司自有资金；（4）回"
2024-02-27,sz.301125,2024-02-26,https://static.cninfo.com.cn/finalpage/2024-02-26/1219186132.PDF,maintain,other,原件用途：用于维护公司价值及股东权益
2024-02-27,sz.301197,2024-02-26,https://static.cninfo.com.cn/finalpage/2024-02-26/1219186254.PDF,employee,employee,原件用途：本次回购的股份将用于实施股权激励计划或员工持股计划
2024-02-28,sh.688591,2024-02-27,https://static.cninfo.com.cn/finalpage/2024-02-27/1219187326.PDF,employee,mixed,原件用途：本次回购股份拟用于员工持股计划或者股权激励，以及维护公司价值及股东权益并用于出售
2024-02-28,sz.002520,2024-02-27,https://static.cninfo.com.cn/finalpage/2024-02-27/1219185410.PDF,employee,employee,原件用途：股权激励计划或员工持股计划，公司如未能在股份回购完成之后36个月内实施上述用途，回购的股份应全部予以注销
2024-02-28,sz.300100,2024-02-27,https://static.cninfo.com.cn/finalpage/2024-02-27/1219197331.PDF,employee,employee,原件用途：用于实施员工持股计划或股权激励计划，若公司未能在本次股份回购实施结果暨股份变动公告日后三年内使用完毕已回购股份，尚未使用的已回购股份将依法予以注销
2024-02-28,sz.300538,2024-02-27,https://static.cninfo.com.cn/finalpage/2024-02-27/1219197850.PDF,employee,employee,原件用途：本次回购的股份将用于员工持股计划或股权激励
2024-02-28,sz.300598,2024-02-27,https://static.cninfo.com.cn/finalpage/2024-02-27/1219186595.PDF,employee,employee,原件用途：用于实施员工持股计划或股权激励
2024-02-29,sh.688778,2024-02-28,https://static.cninfo.com.cn/finalpage/2024-02-28/1219197045.PDF,employee,employee,原件用途：本次回购股份将于未来适宜时机用于员工持股计划或股权激励
2024-02-29,sz.002436,2024-02-28,https://static.cninfo.com.cn/finalpage/2024-02-28/1219198370.PDF,employee,mixed,原件用途：用于股权激励或员工持股计划、转换公司发行的可转换为股票的债券，可能存在因股权激励或员工持股计划未能经公司董事会和股东大会等决策机构审议通过、激励对象放弃认购等原因，导致已回购股份无法全部授出的风险
2024-02-29,sz.300981,2024-02-28,https://static.cninfo.com.cn/finalpage/2024-02-28/1219198003.PDF,unknown,other,原件本次用途为维护价值并择机出售，注销仅属条件性后续
2024-02-29,sz.301362,2024-02-28,https://static.cninfo.com.cn/finalpage/2024-02-28/1219207859.PDF,employee,employee,原件用途：本次回购股份将用于员工持股计划或股权激励
2024-02-29,sz.301533,2024-02-28,https://static.cninfo.com.cn/finalpage/2024-02-28/1219208152.PDF,unknown,employee,原件本次用途为员工持股或股权激励；未写明纯注销
2024-03-01,sh.603005,2024-02-29,https://static.cninfo.com.cn/finalpage/2024-02-29/1219209363.PDF,employee,employee,原件用途：用于实施股权激励或员工持股计划
2024-03-01,sh.688147,2024-02-29,https://static.cninfo.com.cn/finalpage/2024-02-29/1219209634.PDF,employee,employee,原件用途：本次回购的股份将在未来适宜时机用于实施股权激励计划及/或员工持股计划，并在股份回购实施结果暨股份变动公告后三年内予以转让
2024-03-01,sz.300250,2024-02-29,https://static.cninfo.com.cn/finalpage/2024-02-29/1219213873.PDF,maintain,other,原件用途：用于维护公司价值及股东权益所必需
2024-03-01,sz.300911,2024-02-29,https://static.cninfo.com.cn/finalpage/2024-02-29/1219209801.PDF,employee,employee,"原件用途：本次回购股份将全部用于员工持股计划或者股权激励；（3）用于回购的资金总额：不低于人民币5,000万元（含），不超过人民币10,000万元（含），具体回购资金总额以回购完毕或回购实施期限届满时实际回购股份使用的资"
2024-03-04,sh.601012,2024-03-01,https://static.cninfo.com.cn/finalpage/2024-03-01/1219212310.PDF,employee,employee,原件用途：隆基绿能科技股份有限公司（以下简称“公司”）拟以集中竞价交易方式回购公司股份，本次回购股份拟用于员工持股计划或股权激励
2024-03-04,sh.688072,2024-03-02,https://static.cninfo.com.cn/finalpage/2024-03-02/1219220518.PDF,employee,employee,原件用途：本次回购的股份拟在未来适宜时机用于公司股权激励或员工持股计划，并在股份回购结果暨股份变动公告日后3年内予以转让；若公司未能在本次股份回购实施结果暨股份变动公告日后3年内转让完毕，尚未转让的回购股份将予以注销
2024-03-04,sh.688711,2024-03-01,https://static.cninfo.com.cn/finalpage/2024-03-01/1219214376.PDF,employee,mixed,原件用途：本次回购的股份将在未来适宜时机拟用于股权激励或员工持股计划，或用于转换上市公司发行的可转换为股票的公司债券
2024-03-04,sz.002791,2024-03-02,https://static.cninfo.com.cn/finalpage/2024-03-02/1219217488.PDF,unknown,employee,原件本次用途为员工持股或股权激励；未写明纯注销
2024-03-04,sz.300793,2024-03-01,https://static.cninfo.com.cn/finalpage/2024-03-01/1219218677.PDF,employee,employee,"原件用途：拟用于股权激励或员工持股计划；3、回购股份的价格区间：不超过人民币22元/股（含）；4、回购股份的资金总额：不低于人民币4,000万元（含）且不超过人民币8,000万元（含）；5、回购股份的方式：公司拟通过深圳"
2024-03-05,sz.300825,2024-03-04,https://static.cninfo.com.cn/finalpage/2024-03-04/1219229084.PDF,employee,employee,原件用途：本次回购股份将全部用于员工持股计划或者股权激励计划，并在股份回购实施结果暨股份变动公告日后36个月内转让；若公司未能以本次回购的股份在股份回购实施结果暨股份变动公告日后36个月内转让完毕，则将依法履行减少注册资
2024-03-05,sz.300970,2024-03-04,https://static.cninfo.com.cn/finalpage/2024-03-04/1219230358.PDF,employee,employee,原件用途：本次回购的股份将用于实施股权激励计划或者员工持股计划
2024-03-05,sz.301009,2024-03-04,https://static.cninfo.com.cn/finalpage/2024-03-04/1219218301.PDF,employee,employee,原件用途：用于实施员工持股计划或股权激励
2024-03-06,sh.601609,2024-03-05,https://static.cninfo.com.cn/finalpage/2024-03-05/1219228858.PDF,employee,employee,原件用途：本次回购的股份将用于股权激励或员工持股计划
2024-03-06,sh.603276,2024-03-05,https://static.cninfo.com.cn/finalpage/2024-03-05/1219230403.PDF,maintain,other,"原件用途：维护江苏恒兴新材料科技股份有限公司（以下简称“公司”）价值及股东权益，公司所回购股份将按照有关规定用于出售●拟回购股份的种类：公司发行的人民币普通股（A股）股票●回购资金总额：本次回购资金总额不低于人民币2,0"
2024-03-06,sh.688120,2024-03-05,https://static.cninfo.com.cn/finalpage/2024-03-05/1219230592.PDF,employee,mixed,原件用途：本次回购的股份将用于股权激励或员工持股计划，或用于转换上市公司发行的可转换为股票的公司债券，若公司未能在股份回购实施结果暨股份变动公告日后3年内使用完毕已回购股份，尚未使用的已回购股份将予以注销；2、回购规模：
2024-03-06,sz.000576,2024-03-05,https://static.cninfo.com.cn/finalpage/2024-03-05/1219229081.PDF,unknown,employee,原件本次用途为员工持股或股权激励；未写明纯注销
2024-03-07,sh.603033,2024-03-06,https://static.cninfo.com.cn/finalpage/2024-03-06/1219242435.PDF,employee,employee,原件用途：本次回购的股份用于员工持股计划或股权激励
2024-03-08,sh.688627,2024-03-07,https://static.cninfo.com.cn/finalpage/2024-03-07/1219251229.PDF,employee,employee,原件用途：本次拟回购的股份将用于股权激励或员工持股计划；若公司未能在股份回购实施结果暨股份变动公告日后3年内使用完毕已回购股份，尚未使用的已回购股份将予以注销
2024-03-08,sz.002594,2024-03-07,https://static.cninfo.com.cn/finalpage/2024-03-07/1219249362.PDF,cancel,pure_cancel,原件本次A股回购用途仅为注销并减少注册资本
2024-03-11,sh.688787,2024-03-09,https://static.cninfo.com.cn/finalpage/2024-03-09/1219266896.PDF,employee,employee,原件用途：本次回购的股份将在未来适宜时机全部用于实施股权激励或员工持股计划，并将在公司披露股份回购实施结果暨股份变动公告后3年内使用完毕；若未能在规定期限内使用完毕，董事会将依法履行减少注册资本的程序，尚未使用的已回购股
2024-03-11,sz.001300,2024-03-09,https://static.cninfo.com.cn/finalpage/2024-03-09/1219264776.PDF,employee,employee,原件用途：用于员工持股计划或者股权激励，如存在尚未使用的部分，则在披露本次回购结果暨股份变动公告后的三年内予以注销
2024-03-11,sz.300613,2024-03-08,https://static.cninfo.com.cn/finalpage/2024-03-08/1219265273.PDF,maintain,other,原件用途：用于维护公司价值及股东权益，并将按照有关回购规则和监管指引要求在规定期限内出售
2024-03-12,sh.688508,2024-03-11,https://static.cninfo.com.cn/finalpage/2024-03-11/1219280617.PDF,maintain,other,原件用途：本次回购股份全部用于维护公司价值及股东权益
2024-03-12,sz.002600,2024-03-11,https://static.cninfo.com.cn/finalpage/2024-03-11/1219265322.PDF,employee,employee,"原件用途：用于股权激励计划或员工持股计划；4、拟回购价格：不超过人民币7.50元/股（含本数），未超过公司董事会通过回购股份决议前30个交易日公司股票交易均价的150%；5、拟回购数量：按照回购金额上限10,000万元（"
2024-03-12,sz.002768,2024-03-11,https://static.cninfo.com.cn/finalpage/2024-03-11/1219280595.PDF,employee,employee,原件用途：用于实施员工持股计划或者股权激励
2024-03-12,sz.300296,2024-03-11,https://static.cninfo.com.cn/finalpage/2024-03-11/1219287709.PDF,maintain,mixed,原件用途：用于转换公司发行的可转换为股票的公司债券或用于维护公司价值及股东权益（出售）
2024-03-12,sz.301041,2024-03-11,https://static.cninfo.com.cn/finalpage/2024-03-11/1219286557.PDF,employee,employee,原件用途：在未来适宜时机用于员工持股计划或股权激励计划；若公司未能在披露回购结果暨股份变动公告后三年内将回购股份用于上述用途，则公司回购的股份将依法予以注销
2024-03-13,sh.600060,2024-03-12,https://static.cninfo.com.cn/finalpage/2024-03-12/1219288186.PDF,employee,employee,"原件用途：实施股权激励或员工持股计划；回购期限：自董事会审议通过本次回购股份方案之日起12个月内；回购价格：不超过人民币30.00元/股（含）；回购资金总额：不低于人民币37,670.85万元（含），不超过人民币7"
2024-03-13,sh.603081,2024-03-12,https://static.cninfo.com.cn/finalpage/2024-03-12/1219288197.PDF,unknown,other,原件本次用途为可转债转换，注销仅属未使用后的条件性后续
2024-03-13,sh.688433,2024-03-12,https://static.cninfo.com.cn/finalpage/2024-03-12/1219287265.PDF,employee,employee,原件用途：本次回购的股份拟用于股权激励或员工持股计划
2024-03-13,sz.002657,2024-03-12,https://static.cninfo.com.cn/finalpage/2024-03-12/1219287167.PDF,employee,employee,原件用途：员工持股计划或股权激励计划
2024-03-13,sz.301469,2024-03-12,https://static.cninfo.com.cn/finalpage/2024-03-12/1219295639.PDF,employee,employee,原件用途：在未来适宜时机用于员工持股计划或股权激励；若公司未能在本次股份回购实施结果暨股份变动公告日后的3年内使用完毕，则将依法履行减少注册资本的程序，未使用股份将被注销（如国家对相关政策作调整的则按调整后的政策执行）
2024-03-14,sz.002408,2024-03-13,https://static.cninfo.com.cn/finalpage/2024-03-13/1219296940.PDF,employee,employee,原件用途：拟用于实施员工持股计划或股权激励计划
2024-03-14,sz.301181,2024-03-13,https://static.cninfo.com.cn/finalpage/2024-03-13/1219295444.PDF,cancel,pure_cancel,原件本次A股回购用途仅为注销并减少注册资本
2024-03-15,sh.688195,2024-03-14,https://static.cninfo.com.cn/finalpage/2024-03-14/1219302269.PDF,employee,employee,原件用途：本次回购的股份将在未来适宜时机全部用于股权激励及/或员工持股计划，并在股份回购实施结果暨股份变动公告日后3年内转让；若公司本次回购的股份未能在股份回购实施结果暨股份变动公告日后3年内转让完毕，则将依法履行减少注
2024-03-15,sz.002864,2024-03-14,https://static.cninfo.com.cn/finalpage/2024-03-14/1219302719.PDF,employee,employee,原件用途：作为公司实施员工持股计划或股权激励的股票来源，符合《深圳证券交易所上市公司自律监管指引第9号——回购股份》第十条规定的以下条件：1.公司股票上市已满六个月；2.公司最近一年无重大违法行为；3.回购股份后，公司具
2024-03-18,sh.603233,2024-03-16,https://static.cninfo.com.cn/finalpage/2024-03-16/1219309387.PDF,employee,employee,原件用途：大参林医药集团股份有限公司（以下简称“公司”）拟以集中竞价交易方式回购公司股份，本次回购的股份拟全部用于后续实施股权激励
2024-03-18,sh.603919,2024-03-16,https://static.cninfo.com.cn/finalpage/2024-03-16/1219314234.PDF,unknown,employee,原件本次用途为员工持股或股权激励；未写明纯注销
2024-03-18,sz.000837,2024-03-16,https://static.cninfo.com.cn/finalpage/2024-03-16/1219310646.PDF,employee,employee,"原件用途：用于股权激励或员工持股计划；3、拟回购股份的价格区间：不超过人民币13.5元/股（含本数），未超过公司董事会通过回购股份决议前30个交易日公司股票交易均价的150%；4、拟回购资金总额：不低于人民币2,000万"
2024-03-18,sz.301079,2024-03-16,https://static.cninfo.com.cn/finalpage/2024-03-16/1219309182.PDF,cancel,pure_cancel,原件本次A股回购用途仅为注销并减少注册资本
2024-03-19,sz.301229,2024-03-18,https://static.cninfo.com.cn/finalpage/2024-03-18/1219329191.PDF,employee,employee,原件用途段写明用于员工持股计划或股权激励
2024-03-20,sh.688819,2024-03-19,https://static.cninfo.com.cn/finalpage/2024-03-19/1219329335.PDF,employee,employee,原件用途：本次回购股份将于未来适宜时机用于员工持股计划或股权激励
2024-03-20,sz.000989,2024-03-19,https://static.cninfo.com.cn/finalpage/2024-03-19/1219328325.PDF,employee,employee,原件用途：股权激励或员工持股计划
2024-03-21,sh.688048,2024-03-20,https://static.cninfo.com.cn/finalpage/2024-03-20/1219346010.PDF,employee,employee,原件用途：本次回购的股份将在未来适宜时机用于员工持股计划或股权激励
2024-03-21,sh.688231,2024-03-20,https://static.cninfo.com.cn/finalpage/2024-03-20/1219345233.PDF,employee,employee,原件用途：本次回购的股份将在未来适宜时机全部用于公司股权激励或员工持股计划，并在股份回购实施结果暨股份变动公告后三年内予以转让；若公司未能在股份回购实施结果暨股份变动公告日后三年内使用完毕已回购股份，尚未使用的已回购股份
2024-03-21,sz.301428,2024-03-20,https://static.cninfo.com.cn/finalpage/2024-03-20/1219348042.PDF,employee,employee,原件用途：拟用于员工持股计划或股权激励
2024-03-22,sz.002468,2024-03-21,https://static.cninfo.com.cn/finalpage/2024-03-21/1219359397.PDF,employee,employee,原件用途：拟用于股权激励或员工持股计划
2024-03-25,sh.603055,2024-03-22,https://static.cninfo.com.cn/finalpage/2024-03-22/1219373781.PDF,employee,employee,原件用途：浙江台华新材料股份有限公司（以下简称“公司”或“台华新材”）拟回购股份用于股权激励或员工持股计划
2024-03-25,sz.002957,2024-03-23,https://static.cninfo.com.cn/finalpage/2024-03-23/1219386506.PDF,employee,employee,原件用途：用于员工持股计划或者股权激励
2024-03-27,sz.300102,2024-03-26,https://static.cninfo.com.cn/finalpage/2024-03-26/1219405181.PDF,employee,employee,原件用途：实施股权激励或员工持股计划
2024-03-28,sh.600196,2024-03-27,https://static.cninfo.com.cn/finalpage/2024-03-27/1219411276.PDF,employee,employee,原件用途：用于实施股权激励计划及/或员工持股计划，如未能按上述用途在法律法规及本公司A股上市地监管要求的期限内进行转让的，本公司将至迟于有关本次回购的回购结果暨股份变动公告后的三年内予以注销
2024-03-28,sh.603215,2024-03-27,https://static.cninfo.com.cn/finalpage/2024-03-27/1219411661.PDF,employee,employee,原件用途：拟用于员工持股计划或股权激励
2024-03-28,sz.000593,2024-03-27,https://static.cninfo.com.cn/finalpage/2024-03-27/1219409272.PDF,employee,employee,原件用途：股权激励或员工持股计划
2024-03-29,sh.688183,2024-03-28,https://static.cninfo.com.cn/finalpage/2024-03-28/1219425662.PDF,employee,employee,原件用途：本次回购的股份将在未来适宜时机全部用于股权激励或员工持股计划，并将在公司披露股份回购实施结果暨股份变动公告后3年内使用完毕；若未能在规定期限内使用完毕董事会将依法履行减少注册资本的程序，尚未使用的已回购股份将被
2024-03-29,sz.000739,2024-03-28,https://static.cninfo.com.cn/finalpage/2024-03-28/1219425078.PDF,employee,employee,原件用途：本次回购股份拟用于员工持股计划
2024-03-29,sz.000795,2024-03-28,https://static.cninfo.com.cn/finalpage/2024-03-28/1219424820.PDF,employee,employee,原件用途：用于实施公司股权激励或员工持股计划
2024-03-29,sz.002972,2024-03-28,https://static.cninfo.com.cn/finalpage/2024-03-28/1219427074.PDF,employee,employee,"原件用途：用于实施股权激励或员工持股计划；3、拟回购金额：不低于人民币800万元（含），不超过人民币1,000万元（含）；具体回购资金以实际使用的资金总额为准"
2024-03-29,sz.301363,2024-03-28,https://static.cninfo.com.cn/finalpage/2024-03-28/1219423684.PDF,unknown,employee,原件本次用途为员工持股或股权激励；未写明纯注销
2024-04-01,sh.600273,2024-03-30,https://static.cninfo.com.cn/finalpage/2024-03-30/1219467021.PDF,employee,mixed,原件股权激励与减少注册资本并列，剩余股份拟减资注销
2024-04-01,sh.601238,2024-03-29,https://static.cninfo.com.cn/finalpage/2024-03-29/1219444087.PDF,employee,employee,原件A股用于股权激励或员工持股；H股注销不适用A股信号
2024-04-01,sz.000528,2024-03-30,https://static.cninfo.com.cn/finalpage/2024-03-30/1219474865.PDF,employee,employee,原件用途：拟用于股权激励或员工持股计划
2024-04-01,sz.002577,2024-03-30,https://static.cninfo.com.cn/finalpage/2024-03-30/1219471361.PDF,unknown,pure_cancel,原件本次A股回购用途仅为注销并减少注册资本
2024-04-01,sz.301126,2024-03-29,https://static.cninfo.com.cn/finalpage/2024-03-29/1219445127.PDF,cancel,pure_cancel,原件本次A股回购用途仅为注销并减少注册资本
2024-04-03,sh.688343,2024-04-02,https://static.cninfo.com.cn/finalpage/2024-04-02/1219493723.PDF,employee,employee,原件用途：本次回购的股份将在未来适宜时机全部用于员工持股计划或者股权激励，并将在公司披露股份回购实施结果暨股份变动公告后3年内使用完毕；若未能在规定期限内使用完毕，则将依法履行减少注册资本的程序，尚未使用的已回购股份将被
2024-04-08,sz.002782,2024-04-03,https://static.cninfo.com.cn/finalpage/2024-04-03/1219504773.PDF,employee,employee,原件用途：用于实施股权激励或员工持股计划
2024-04-10,sz.001380,2024-04-09,https://static.cninfo.com.cn/finalpage/2024-04-09/1219539892.PDF,employee,employee,原件用途：用于股权激励计划或员工持股计划，可能面临因未能经公司董事会等决策机构审议通过、股权激励计划或员工持股计划对象放弃认购股份等原因，导致已回购股票无法全部授出而被注销的风险
2024-04-15,sz.301367,2024-04-12,https://static.cninfo.com.cn/finalpage/2024-04-12/1219579716.PDF,employee,employee,原件用途：用于实施员工持股计划或股权激励计划，若公司未能在股份回购完成后的36个月内使用完毕已回购股份，尚未使用的已回购股份将予以注销
2024-04-18,sz.300996,2024-04-17,https://static.cninfo.com.cn/finalpage/2024-04-17/1219646941.PDF,employee,employee,原件用途：员工持股计划或者股权激励
2024-04-19,sz.002334,2024-04-18,https://static.cninfo.com.cn/finalpage/2024-04-18/1219647853.PDF,employee,employee,原件用途：用于实施股权激励或员工持股计划
2024-04-19,sz.003010,2024-04-18,https://static.cninfo.com.cn/finalpage/2024-04-18/1219650416.PDF,employee,employee,"原件用途：用于实施公司股权激励计划或员工持股计划；（3）用于回购的资金总额及资金来源：本次回购金额不低于2,500万元（含本数），不超过5,000万元（含本数），资金来源为公司自有资金；（4）回购价格区间：本次回购价格不"
2024-04-22,sh.600859,2024-04-20,https://static.cninfo.com.cn/finalpage/2024-04-20/1219698684.PDF,cancel,pure_cancel,原件本次A股回购用途仅为注销并减少注册资本
2024-04-22,sh.688262,2024-04-19,https://static.cninfo.com.cn/finalpage/2024-04-19/1219668410.PDF,employee,employee,原件用途：本次回购的股份将在未来适宜时机用于员工持股计划或股权激励，并在公司披露股份回购实施结果暨股份变动公告后三年内完成转让；若公司本次回购的股份未能在上述三年内转让完毕，公司将依法履行减少注册资本的程序，未转让股份将
2024-04-24,sh.605090,2024-04-23,https://static.cninfo.com.cn/finalpage/2024-04-23/1219738309.PDF,employee,employee,原件用途：全部用于后期实施员工持股计划或股权激励计划
2024-04-24,sz.002937,2024-04-23,https://static.cninfo.com.cn/finalpage/2024-04-23/1219742072.PDF,employee,employee,原件用途：为用于实施员工持股计划，具体经董事会和股东大会依据有关法律法规审议并决定实施方式
2024-04-24,sz.301302,2024-04-23,https://static.cninfo.com.cn/finalpage/2024-04-23/1219746248.PDF,cancel,pure_cancel,原件本次A股回购用途仅为注销并减少注册资本
2024-04-25,sz.002056,2024-04-24,https://static.cninfo.com.cn/finalpage/2024-04-24/1219772650.PDF,employee,employee,原件用途：实施公司股权激励或员工持股计划
2024-04-26,sz.300470,2024-04-25,https://static.cninfo.com.cn/finalpage/2024-04-25/1219800823.PDF,employee,employee,原件用途：本次回购的股份将用于员工持股计划或股权激励，公司如未能在股份回购完成后的36个月内使用完毕已回购股份，尚未使用的已回购股份将予以注销
2024-04-26,sz.301171,2024-04-25,https://static.cninfo.com.cn/finalpage/2024-04-25/1219799366.PDF,employee,employee,原件用途：本次回购股份将用于股权激励或员工持股计划，具体依据有关法律法规决定实施方式；公司如未能在股份回购实施完成之日后36个月内使用完毕已回购股份，尚未使用的已回购股份将按照相关规定予以注销
2024-04-29,sh.603153,2024-04-26,https://static.cninfo.com.cn/finalpage/2024-04-26/1219820148.PDF,employee,employee,原件用途：上海建科集团股份有限公司（以下简称“公司”）拟回购股份用于实施员工持股计划或股权激励
2024-04-29,sz.002829,2024-04-26,https://static.cninfo.com.cn/finalpage/2024-04-26/1219842318.PDF,employee,employee,原件用途：拟用于员工持股计划或股权激励
2024-04-29,sz.300037,2024-04-26,https://static.cninfo.com.cn/finalpage/2024-04-26/1219819341.PDF,cancel,pure_cancel,原件本次A股回购用途仅为注销并减少注册资本
2024-04-29,sz.300759,2024-04-26,https://static.cninfo.com.cn/finalpage/2024-04-26/1219827524.PDF,maintain,pure_cancel,原件写明本次回购股份全部予以注销并相应减少公司注册资本
2024-04-30,sh.603052,2024-04-29,https://static.cninfo.com.cn/finalpage/2024-04-29/1219890791.PDF,employee,employee,原件用途：拟用于股权激励或员工持股计划
2024-04-30,sh.688202,2024-04-29,https://static.cninfo.com.cn/finalpage/2024-04-29/1219892433.PDF,employee,employee,原件用途：本次回购股份将在未来适宜时机全部用于股权激励或员工持股计划，并在股份回购实施结果暨股份变动公告后三年内予以转让；若公司未能将本次回购的股份在股份回购实施结果暨股份变动公告日后三年内转让完毕，未转让股份将被注销
2024-04-30,sz.002488,2024-04-29,https://static.cninfo.com.cn/finalpage/2024-04-29/1219863058.PDF,employee,employee,原件用途：股权激励计划或员工持股计划；（4）拟回购价格：不超过人民币7.85元/股（含），回购价格上限未超过公司董事会审议通过回购股份方案前三十个交易日公司股票交易均价的150%；（5）拟回购数量：按回购价格不超过7.8
2024-04-30,sz.300443,2024-04-29,https://static.cninfo.com.cn/finalpage/2024-04-29/1219906724.PDF,maintain,pure_cancel,原件写明本次回购股份全部予以注销并相应减少公司注册资本
2024-04-30,sz.301332,2024-04-29,https://static.cninfo.com.cn/finalpage/2024-04-29/1219853380.PDF,unknown,employee,原件本次用途为员工持股或股权激励；未写明纯注销
2024-05-06,sh.600438,2024-04-30,https://static.cninfo.com.cn/finalpage/2024-04-30/1219915223.PDF,employee,employee,原件用途：用于员工持股计划或股权激励
2024-05-06,sh.600887,2024-04-30,https://static.cninfo.com.cn/finalpage/2024-04-30/1219916431.PDF,cancel,pure_cancel,原件本次A股回购用途仅为注销并减少注册资本
2024-05-06,sz.000561,2024-04-30,https://static.cninfo.com.cn/finalpage/2024-04-30/1219918080.PDF,cancel,pure_cancel,原件本次A股回购用途仅为注销并减少注册资本
2024-05-06,sz.002103,2024-04-30,https://static.cninfo.com.cn/finalpage/2024-04-30/1219909924.PDF,employee,employee,原件用途：本次回购的股份将用于实施员工持股计划或股权激励
2024-05-06,sz.002352,2024-04-30,https://static.cninfo.com.cn/finalpage/2024-04-30/1219914138.PDF,unknown,employee,原件本次用途为员工持股或股权激励；未写明纯注销
2024-05-08,sz.301313,2024-05-07,https://static.cninfo.com.cn/finalpage/2024-05-07/1219997830.PDF,maintain,other,原件用途：本次回购股份用途为维护公司价值及股东权益所必需
2024-05-16,sz.300777,2024-05-15,https://static.cninfo.com.cn/finalpage/2024-05-15/1220063136.PDF,employee,employee,原件用途：用于员工持股计划或者股权激励
2024-05-16,sz.300790,2024-05-15,https://static.cninfo.com.cn/finalpage/2024-05-15/1220064328.PDF,employee,employee,原件用途：全部用于实施员工持股计划或股权激励计划，若公司未能自公告本次回购实施完成之日起36个月内将已回购的股份用于前述用途的，未使用部分的回购股份应予以注销
2024-05-17,sh.600276,2024-05-16,https://static.cninfo.com.cn/finalpage/2024-05-16/1220064005.PDF,employee,employee,原件用途：本次回购的股份拟用于员工持股计划；●回购股份价格：回购价格不超过人民币67.38元/股；●回购股份方式：采用集中竞价交易的方式从二级市场回购公司股份；●回购股份期限：自公司董事会审议通过回购方案之日起不超过12
2024-05-20,sh.600576,2024-05-17,https://static.cninfo.com.cn/finalpage/2024-05-17/1220076413.PDF,cancel,pure_cancel,原件本次A股回购用途仅为注销并减少注册资本
2024-05-22,sz.300904,2024-05-21,https://static.cninfo.com.cn/finalpage/2024-05-21/1220110536.PDF,unknown,employee,原件本次用途为员工持股或股权激励；未写明纯注销
2024-06-03,sz.300597,2024-05-31,https://static.cninfo.com.cn/finalpage/2024-05-31/1220226616.PDF,employee,employee,原件用途：、数量、占公司总股本的比例本次回购的股份将用于公司实施股权激励或员工持股计划
2024-06-05,sz.300332,2024-06-04,https://static.cninfo.com.cn/finalpage/2024-06-04/1220256046.PDF,cancel,pure_cancel,原件本次A股回购用途仅为注销并减少注册资本
2024-06-06,sz.300036,2024-06-05,https://static.cninfo.com.cn/finalpage/2024-06-05/1220272109.PDF,employee,employee,原件用途：本次回购的股份将用于实施员工持股计划及/或股权激励
2024-06-07,sz.301169,2024-06-06,https://static.cninfo.com.cn/finalpage/2024-06-06/1220273850.PDF,cancel,pure_cancel,原件本次A股回购用途仅为注销并减少注册资本
2024-06-11,sh.600884,2024-06-07,https://static.cninfo.com.cn/finalpage/2024-06-07/1220289069.PDF,maintain,other,原件用途：本次回购股份的目的系为维护公司价值及股东权益，所回购股份将按照有关规定用于出售，逾期未实施出售部分将依法予以注销
2024-06-11,sz.301207,2024-06-07,https://static.cninfo.com.cn/finalpage/2024-06-07/1220289772.PDF,maintain,mixed,原件用途：本次回购股份将用于维护公司价值及股东权益所必需，并将按照有关回购规则和监管指引要求在规定期限内出售或注销
2024-06-13,sh.603536,2024-06-12,https://static.cninfo.com.cn/finalpage/2024-06-12/1220324322.PDF,employee,employee,原件用途：本次回购股份用于实施股权激励计划
2024-06-13,sz.002728,2024-06-12,https://static.cninfo.com.cn/finalpage/2024-06-12/1220322679.PDF,employee,employee,原件用途：股权激励或员工持股计划
2024-06-17,sz.002727,2024-06-14,https://static.cninfo.com.cn/finalpage/2024-06-14/1220347844.PDF,cancel,pure_cancel,原件本次A股回购用途仅为注销并减少注册资本
2024-06-19,sz.002601,2024-06-18,https://static.cninfo.com.cn/finalpage/2024-06-18/1220377475.PDF,employee,employee,"原件用途：用于实施股权激励或员工持股计划；（3）拟回购股份的价格上限：本次回购股份的价格为不超过人民币32.10元/股（含）；（4）拟用于回购股份的资金总额：本次回购股份的资金总额不低于人民币10,000.00万元（含）"
2024-06-19,sz.002955,2024-06-18,https://static.cninfo.com.cn/finalpage/2024-06-18/1220376231.PDF,employee,employee,原件用途：用于后续员工持股计划或股权激励计划，具体经董事会和股东大会等依据有3
2024-06-20,sz.002203,2024-06-19,https://static.cninfo.com.cn/finalpage/2024-06-19/1220391706.PDF,employee,employee,原件用途：用于实施股权激励或员工持股计划
2024-06-21,sz.002557,2024-06-20,https://static.cninfo.com.cn/finalpage/2024-06-20/1220402487.PDF,unknown,employee,原件本次用途为员工持股或股权激励；未写明纯注销
2024-06-24,sh.605266,2024-06-21,https://static.cninfo.com.cn/finalpage/2024-06-21/1220416327.PDF,maintain,other,原件用途：本次回购股份的目的系为维护公司价值及股东权益，所回购股份将在披露回购结果暨股份变动公告12个月后根据相关规则择机采用集中竞价交易方式出售，并在披露回购结果暨股份变动公告后3年内完成出售
2024-06-24,sz.000048,2024-06-21,https://static.cninfo.com.cn/finalpage/2024-06-21/1220416534.PDF,employee,employee,原件用途：本次回购的股份拟用于股权激励或员工持股计划
2024-06-25,sz.300616,2024-06-24,https://static.cninfo.com.cn/finalpage/2024-06-24/1220443091.PDF,maintain,other,原件用途：本次回购股份将用于维护公司价值及股东权益，并将按照有关回购规则和监管指引要求在规定期限内出售
2024-06-27,sh.603659,2024-06-26,https://static.cninfo.com.cn/finalpage/2024-06-26/1220457761.PDF,maintain,other,原件用途：本次回购股份的目的系为维护公司价值及股东权益，所回购股份将根据《上市公司股份回购规则》第十七条规定在三年内出售，逾期未实施出售的将依法予以注销
2024-06-27,sz.300795,2024-06-26,https://static.cninfo.com.cn/finalpage/2024-06-26/1220467167.PDF,employee,employee,原件用途：本次回购的股份将用于实施员工持股计划或股权激励，公司如未能在股份回购完成后的36个月内使用完毕已回购股份，尚未使用的已回购股份将予以注销
2024-07-01,sz.000034,2024-06-28,https://static.cninfo.com.cn/finalpage/2024-06-28/1220483332.PDF,unknown,employee,原件本次用途为员工持股或股权激励；未写明纯注销
2024-07-01,sz.300525,2024-06-28,https://static.cninfo.com.cn/finalpage/2024-06-28/1220497204.PDF,employee,employee,原件用途：本次回购的股份拟用于员工持股计划或股权激励
2024-07-03,sz.301150,2024-07-02,https://static.cninfo.com.cn/finalpage/2024-07-02/1220519780.PDF,maintain,other,原件用途：本次回购的股份拟用于维护公司价值及股东权益所必需；（3）拟回购股份的价格区间：不超过人民币20.54元/股（含）；（4）拟回购股份的数量及占公司总股本的比例：以拟回购股份价格上限和回购金额区间测算，回购数量为6
2024-07-03,sz.301333,2024-07-02,https://static.cninfo.com.cn/finalpage/2024-07-02/1220510519.PDF,employee,employee,原件用途：员工持股计划或股权激励；3、回购股份的价格：回购价格不超过人民币58.00元/股（含本数），该回购价格上限未超过董事会审议通过本次回购股份方案决议前30个交易日公司股票交易均价的150%
2024-07-10,sh.600867,2024-07-09,https://static.cninfo.com.cn/finalpage/2024-07-09/1220559927.PDF,employee,employee,原件用途：本次回购后的股份用于股权激励及/或员工持股计划；●回购股份价格：不超过人民币12元/股（含）；该回购股份价格上限不高于董事会审议通过本次回购股份方案前30个交易日公司股票交易均价的150%；●回购股份方式：公司
2024-07-10,sz.301031,2024-07-09,https://static.cninfo.com.cn/finalpage/2024-07-09/1220587269.PDF,employee,employee,原件用途：拟用于员工持股计划或股权激励
2024-07-11,sz.002705,2024-07-10,https://static.cninfo.com.cn/finalpage/2024-07-10/1220586924.PDF,cancel,pure_cancel,原件本次A股回购用途仅为注销并减少注册资本
2024-07-11,sz.300820,2024-07-10,https://static.cninfo.com.cn/finalpage/2024-07-10/1220587399.PDF,employee,employee,原件用途：用于实施员工持股计划或股权激励，可能存在因员工持股计划或股权激励无法实施等原因，导致已回购股票无法授出或转让的风险
2024-07-15,sh.603312,2024-07-13,https://static.cninfo.com.cn/finalpage/2024-07-13/1220626742.PDF,employee,employee,原件用途：用于实施股权激励或员工持股计划
2024-07-15,sz.002609,2024-07-13,https://static.cninfo.com.cn/finalpage/2024-07-13/1220627487.PDF,unknown,employee,原件本次用途为员工持股或股权激励；未写明纯注销
2024-07-15,sz.002960,2024-07-12,https://static.cninfo.com.cn/finalpage/2024-07-12/1220614798.PDF,employee,employee,原件用途：员工持股计划或股权激励；（3）拟回购价格：不超过人民币16元/股（含）；（4）拟回购资金总额：不低于人民币1亿元（含），不超过人民币2亿元（含）；（5）拟回购数量：按本次拟用于回购的资金总额上限及回购价格上限测
2024-07-16,sz.300174,2024-07-15,https://static.cninfo.com.cn/finalpage/2024-07-15/1220627622.PDF,unknown,employee,原件本次用途为员工持股或股权激励；未写明纯注销
2024-07-16,sz.300827,2024-07-15,https://static.cninfo.com.cn/finalpage/2024-07-15/1220646479.PDF,employee,employee,"原件用途：股权激励计划（3）回购股份的方式：集中竞价交易方式进行（4）回购股份的价格：本次回购价格不超过人民币36元/股（含）（5）回购资金总额：不低于2,600万元且不超过3,600万元（6）回购股份的数量：以拟回购价"
2024-07-17,sh.600366,2024-07-16,https://static.cninfo.com.cn/finalpage/2024-07-16/1220646691.PDF,employee,employee,原件用途：用于实施员工持股计划；●回购股份价格：本次回购股份价格不超过人民币8.03元/股；●回购股份方式：集中竞价交易方式；●回购股份期限：自公司董事会审议通过之日起12个月内；●相关股东是否存在减持计划：公司董监高、
2024-07-17,sh.600603,2024-07-16,https://static.cninfo.com.cn/finalpage/2024-07-16/1220648440.PDF,cancel,pure_cancel,原件本次A股回购用途仅为注销并减少注册资本
2024-07-18,sh.603505,2024-07-17,https://static.cninfo.com.cn/finalpage/2024-07-17/1220652825.PDF,employee,employee,"原件用途：用于实施员工持股计划或股权激励拟回购的数量或资金总额：不低于人民币5,000万元（含）且不超过人民币10,000万元（含）拟回购期限：自董事会审议通过本次回购方案之日起6个月内拟回购价格或价格区间：不超过"
2024-07-18,sh.605168,2024-07-17,https://static.cninfo.com.cn/finalpage/2024-07-17/1220653985.PDF,cancel,pure_cancel,原件本次A股回购用途仅为注销并减少注册资本
2024-07-18,sz.301047,2024-07-17,https://static.cninfo.com.cn/finalpage/2024-07-17/1220653708.PDF,cancel,pure_cancel,原件本次A股回购用途仅为注销并减少注册资本
2024-07-19,sz.300226,2024-07-18,https://static.cninfo.com.cn/finalpage/2024-07-18/1220675244.PDF,maintain,other,原件用途：本次回购股份基于维护公司价值及股东权益，回购股份将在披露回购结果暨股份变动公告12个月后根据相关规则择机采用集中竞价交易方式出售，并在披露回购结果暨股份变动公告后3年内完成，未能在3年内完成的，将履行相关程序后
2024-07-23,sh.603518,2024-07-22,https://static.cninfo.com.cn/finalpage/2024-07-22/1220695665.PDF,maintain,other,原件本次用途为维护公司价值及股东权益，十二个月后出售
2024-07-24,sh.600009,2024-07-23,https://static.cninfo.com.cn/finalpage/2024-07-23/1220700257.PDF,employee,employee,原件用途：用于股权激励●回购股份价格：不超过人民币50.46元/股（含）●回购股份方式：以集中竞价交易方式●回购股份期限：自董事会审议通过本次回购股份方案之日起不超过12个月●相关股东是否存在减持计划：经问询，公司董事、
2024-07-24,sh.600256,2024-07-23,https://static.cninfo.com.cn/finalpage/2024-07-23/1220702306.PDF,cancel,pure_cancel,原件本次A股回购用途仅为注销并减少注册资本
2024-07-24,sh.600446,2024-07-23,https://static.cninfo.com.cn/finalpage/2024-07-23/1220700832.PDF,employee,employee,原件用途：本次回购的股份将在未来适宜时机全部用于员工持股计划或股权激励，并在股份回购实施结果暨股份变动公告后三年内完成转让；若公司未能在股份回购实施结果暨股份变动公告日后三年内使用完毕已回购股份，尚未使用的已回购股份将予
2024-07-24,sh.600566,2024-07-23,https://static.cninfo.com.cn/finalpage/2024-07-23/1220700835.PDF,employee,employee,原件用途：实施员工持股计划或股权激励
2024-07-24,sz.300687,2024-07-23,https://static.cninfo.com.cn/finalpage/2024-07-23/1220700930.PDF,unknown,mixed,原件并列注销与出售或员工持股用途，非全部注销
2024-07-25,sh.605589,2024-07-24,https://static.cninfo.com.cn/finalpage/2024-07-24/1220711395.PDF,employee,employee,原件用途：员工持股计划或股权激励●回购股份价格：不超过人民币24.00元/股（含）●回购股份方式：集中竞价交易方式●回购股份期限：自董事会审议通过本次回购方案之日起12个月●相关股东是否存在减持计划：经公司问询，截至本次
2024-07-25,sh.688016,2024-07-24,https://static.cninfo.com.cn/finalpage/2024-07-24/1220711712.PDF,employee,employee,原件用途：回购的股份将在未来适宜时机全部用于股权激励或员工持股计划，并在发布股份回购实施结果暨股份变动公告日后3年内转让；若公司本次回购的股份未能在股份回购实施结果暨股份变动公告日后3年内转让完毕，则将依法履行减少注册资
2024-07-25,sz.000970,2024-07-24,https://static.cninfo.com.cn/finalpage/2024-07-24/1220710252.PDF,employee,employee,原件用途：股权激励或员工持股计划
2024-07-29,sz.002841,2024-07-27,https://static.cninfo.com.cn/finalpage/2024-07-27/1220739472.PDF,unknown,employee,原件本次用途为员工持股或股权激励；未写明纯注销
2024-07-29,sz.300364,2024-07-27,https://static.cninfo.com.cn/finalpage/2024-07-27/1220740037.PDF,cancel,pure_cancel,原件本次A股回购用途仅为注销并减少注册资本
2024-08-05,sh.688253,2024-08-03,https://static.cninfo.com.cn/finalpage/2024-08-03/1220787615.PDF,employee,employee,原件用途：本次回购的股份拟在未来适宜时机用于公司股权激励及/或员工持股计划，并在股份回购实施结果暨股份变动公告日后3年内予以转让；若公司未能在本次股份回购实施结果暨股份变动公告日后3年内转让完毕，尚未转让的回购股份将予以
2024-08-05,sz.002706,2024-08-02,https://static.cninfo.com.cn/finalpage/2024-08-02/1220778922.PDF,employee,employee,原件用途：拟用于实施股权激励或员工持股计划，并在股份回购实施结果暨股份变动公告后36个月内予以转让；若公司未能将本次回购的股份在股份回购实施结果暨股份变动公告日后36个月内转让完毕，未转让股份将被注销
2024-08-07,sz.000501,2024-08-06,https://static.cninfo.com.cn/finalpage/2024-08-06/1220797174.PDF,maintain,other,原件用途：在披露回购结果暨股份变动公告12个月后采用集中竞价交易方式出售，并在披露回购结果暨股份变动公告后三年内完成出售，若公司未能在上述期限内完成出售，未实施出售部分股份将履行相关程序予以注销
2024-08-07,sz.300146,2024-08-06,https://static.cninfo.com.cn/finalpage/2024-08-06/1220796430.PDF,cancel,pure_cancel,原件本次A股回购用途仅为注销并减少注册资本
2024-08-08,sz.300770,2024-08-07,https://static.cninfo.com.cn/finalpage/2024-08-07/1220806013.PDF,cancel,pure_cancel,原件本次A股回购用途仅为注销并减少注册资本
2024-08-12,sh.600754,2024-08-10,https://static.cninfo.com.cn/finalpage/2024-08-10/1220835801.PDF,employee,employee,原件用途：用于实施公司股权激励计划，法定期间未使用部分公司将履行相关程序予以注销并减少注册资本
2024-08-12,sz.000408,2024-08-10,https://static.cninfo.com.cn/finalpage/2024-08-10/1220834444.PDF,cancel,pure_cancel,原件本次A股回购用途仅为注销并减少注册资本
2024-08-12,sz.002962,2024-08-09,https://static.cninfo.com.cn/finalpage/2024-08-09/1220825509.PDF,employee,employee,原件用途：员工持股计划或者股权激励
2024-08-15,sh.601969,2024-08-14,https://static.cninfo.com.cn/finalpage/2024-08-14/1220861754.PDF,cancel,pure_cancel,原件本次A股回购用途仅为注销并减少注册资本
2024-08-16,sh.600351,2024-08-15,https://static.cninfo.com.cn/finalpage/2024-08-15/1220870501.PDF,cancel,pure_cancel,原件本次A股回购用途仅为注销并减少注册资本
2024-08-16,sh.688310,2024-08-15,https://static.cninfo.com.cn/finalpage/2024-08-15/1220872487.PDF,employee,employee,原件用途：在未来适宜时机全部用于员工持股计划或股权激励，并在股份回购实施结果暨股份变动公告日后三年内予以转让
2024-08-19,sz.300624,2024-08-16,https://static.cninfo.com.cn/finalpage/2024-08-16/1220880837.PDF,employee,employee,原件用途：拟用于员工持股计划或股权激励计划
2024-08-20,sh.603477,2024-08-19,https://static.cninfo.com.cn/finalpage/2024-08-19/1220904683.PDF,employee,employee,原件用途：用于员工持股计划或股权激励回购股份价格：不超过人民币25.21元/股●回购股份方式：集中竞价交易方式●●回购股份期限：自公司董事会审议通过本次回购股份方案之日起6个月内●相关股东是否存在减持计划：公司董事、监事
2024-08-21,sz.002840,2024-08-20,https://static.cninfo.com.cn/finalpage/2024-08-20/1220908057.PDF,employee,employee,原件用途：本次回购的股份将全部用于实施员工持股计划或股权激励计划
2024-08-21,sz.300863,2024-08-20,https://static.cninfo.com.cn/finalpage/2024-08-20/1220926573.PDF,unknown,other,原件本次用途为可转债转换，注销仅属未使用后的条件性后续
2024-08-23,sz.002925,2024-08-22,https://static.cninfo.com.cn/finalpage/2024-08-22/1220938769.PDF,cancel,pure_cancel,原件本次A股回购用途仅为注销并减少注册资本
2024-08-23,sz.300136,2024-08-22,https://static.cninfo.com.cn/finalpage/2024-08-22/1220939432.PDF,employee,employee,原件用途：拟用于员工持股计划和/或股权激励计划，并在股份回购实施结果暨股份变动公告后三年内予以转让；若公司未能在规定期限内转让完毕，则将依法履行减少注册资本的程序，未转让股份将被注销
2024-08-23,sz.300724,2024-08-22,https://static.cninfo.com.cn/finalpage/2024-08-22/1220937112.PDF,cancel,pure_cancel,原件本次A股回购用途仅为注销并减少注册资本
2024-08-26,sz.300700,2024-08-23,https://static.cninfo.com.cn/finalpage/2024-08-23/1220963630.PDF,maintain,other,原件用途段写明维护公司价值及股东权益，后续出售
2024-08-28,sz.300465,2024-08-27,https://static.cninfo.com.cn/finalpage/2024-08-27/1220985751.PDF,cancel,pure_cancel,原件本次A股回购用途仅为注销并减少注册资本
2024-08-29,sh.603899,2024-08-28,https://static.cninfo.com.cn/finalpage/2024-08-28/1221004018.PDF,employee,employee,原件用途：本次回购的股份拟用于股权激励或员工持股计划●回购股份价格：不超过人民币42元/股（含）●回购股份方式：以集中竞价方式●回购股份期限：自董事会审议通过之日起6个月内●相关股东是否存在减持计划：公司全体董监高、控股
2024-08-29,sh.605020,2024-08-28,https://static.cninfo.com.cn/finalpage/2024-08-28/1221006831.PDF,employee,employee,原件用途：用于实施员工持股计划或者股权激励●回购股份价格：不超过25元/股（含本数）●回购股份方式：集中竞价交易方式●回购股份期限：自董事会审议通过本次回购股份方案之日起不超过12个月●相关股东是否存在减持计划：经公司问
2024-09-02,sz.002851,2024-08-30,https://static.cninfo.com.cn/finalpage/2024-08-30/1221052615.PDF,cancel,pure_cancel,原件本次A股回购用途仅为注销并减少注册资本
2024-09-02,sz.301080,2024-08-30,https://static.cninfo.com.cn/finalpage/2024-08-30/1221057875.PDF,cancel,pure_cancel,原件本次A股回购用途仅为注销并减少注册资本
2024-09-04,sz.002892,2024-09-03,https://static.cninfo.com.cn/finalpage/2024-09-03/1221115126.PDF,unknown,employee,原件本次用途为员工持股或股权激励；未写明纯注销
2024-09-05,sz.002706,2024-09-04,https://static.cninfo.com.cn/finalpage/2024-09-04/1221125532.PDF,maintain,other,原件用途：本次回购股份的目的系为维护公司价值及股东权益
2024-09-09,sh.603087,2024-09-06,https://static.cninfo.com.cn/finalpage/2024-09-06/1221147500.PDF,employee,employee,原件用途：用于实施员工持股计划或者股权激励●回购股份价格：不超过62.76元/股（含本数），即不超过董事会通过回购股份决议前30个交易日公司股票交易均价的150%●回购股份方式：集中竞价交易方式●回购股份期限：自董事会审
2024-09-09,sz.300253,2024-09-06,https://static.cninfo.com.cn/finalpage/2024-09-06/1221146551.PDF,cancel,pure_cancel,原件本次A股回购用途仅为注销并减少注册资本
2024-09-12,sz.002901,2024-09-11,https://static.cninfo.com.cn/finalpage/2024-09-11/1221192053.PDF,employee,employee,原件用途：将用于实施股权激励计划；7、回购股份的期限：本次回购股份的期限为董事会审议通过本回购股份方案之日起12个月之内
2024-09-13,sh.603708,2024-09-12,https://static.cninfo.com.cn/finalpage/2024-09-12/1221203223.PDF,unknown,other,原件本次用途为可转债转换，注销仅属未使用后的条件性后续
2024-09-18,sh.603439,2024-09-13,https://static.cninfo.com.cn/finalpage/2024-09-13/1221215624.PDF,employee,employee,原件用途：用于实施员工持股计划或公司股权激励计划
2024-09-18,sz.300476,2024-09-14,https://static.cninfo.com.cn/finalpage/2024-09-14/1221224176.PDF,unknown,employee,原件本次用途为员工持股或股权激励；未写明纯注销
2024-09-19,sz.300498,2024-09-18,https://static.cninfo.com.cn/finalpage/2024-09-18/1221235008.PDF,unknown,employee,原件本次用途为员工持股或股权激励；未写明纯注销
2024-09-20,sh.688601,2024-09-19,https://static.cninfo.com.cn/finalpage/2024-09-19/1221235785.PDF,maintain,other,原件用途：本次回购股份全部用于维护公司价值及股东权益
2024-09-20,sz.300416,2024-09-19,https://static.cninfo.com.cn/finalpage/2024-09-19/1221234436.PDF,employee,employee,原件用途：全部用于实施员工持股计划或股权激励计划
2024-09-20,sz.300677,2024-09-19,https://static.cninfo.com.cn/finalpage/2024-09-19/1221245825.PDF,unknown,employee,原件本次用途为员工持股或股权激励；未写明纯注销
2024-09-20,sz.300835,2024-09-19,https://static.cninfo.com.cn/finalpage/2024-09-19/1221243876.PDF,employee,employee,原件用途：用于员工持股计划或股权激励；3、拟回购股份价格区间：不超过人民币32.00元/股；4、拟回购股份的数量及占公司总股本的比例：在回购股份价格不超过人民币32.00元/股（含）的条件下，按回购金额上限进行测算，预计
2024-09-23,sh.605266,2024-09-20,https://static.cninfo.com.cn/finalpage/2024-09-20/1221244774.PDF,maintain,other,原件用途：本次回购股份的目的系为维护公司价值及股东权益，所回购股份将在披露回购结果暨股份变动公告12个月后根据相关规则择机采用集中竞价交易方式出售，并在披露回购结果暨股份变动公告后3年内完成出售
2024-09-25,sh.688333,2024-09-24,https://static.cninfo.com.cn/finalpage/2024-09-24/1221277028.PDF,maintain,other,原件用途：本次回购的股份拟用于维护公司价值及股东权益；回购股份价格：本次回购股份的价格不超过人民币65.34元/股（含），该价格不高于公司董事会通过回购股份决议前30个交易日公司股票交易均价的150%；回购股份方式：
2024-09-25,sh.688686,2024-09-24,https://static.cninfo.com.cn/finalpage/2024-09-24/1221275154.PDF,employee,employee,原件用途：本次回购的股份用于员工持股计划或股权激励
2024-09-26,sh.603628,2024-09-25,https://static.cninfo.com.cn/finalpage/2024-09-25/1221284081.PDF,employee,employee,"原件用途：用于实施股权激励回购资金总额：不低于人民币2,125万元（含），不超过人民币4,250万元（含）回购期限：自董事会审议通过本次回购股份预案之日起6个月内回购价格：不超过人民币17元/股（含），该价格不高于"
2024-09-26,sz.300101,2024-09-25,https://static.cninfo.com.cn/finalpage/2024-09-25/1221292162.PDF,unknown,other,原件本次用途为维护价值并择机出售，注销仅属条件性后续
2024-09-27,sz.002559,2024-09-26,https://static.cninfo.com.cn/finalpage/2024-09-26/1221289959.PDF,employee,employee,原件用途：用于股权激励或员工持股计划
2024-09-30,sh.688106,2024-09-27,https://static.cninfo.com.cn/finalpage/2024-09-27/1221304446.PDF,employee,employee,原件用途：拟用于员工持股计划或者股权激励；●回购股份价格：不超过人民币24元/股（含），该价格不高于公司董事会通过回购股份决议前30个交易日公司股票交易均价的150%；●回购股份方式：集中竞价交易方式；●回购股份期限：自
2024-09-30,sz.002714,2024-09-27,https://static.cninfo.com.cn/finalpage/2024-09-27/1221307213.PDF,employee,employee,原件用途：拟全部用于员工持股计划或股权激励计划
2024-09-30,sz.300718,2024-09-27,https://static.cninfo.com.cn/finalpage/2024-09-27/1221312647.PDF,employee,employee,原件用途：全部用于员工持股计划及/或股权激励，可能存在该事项未能在有效期内成功实施或未能全部实施，已回购的股份需全部或部分依法予以注销的风险
2024-10-08,sh.603811,2024-10-01,https://static.cninfo.com.cn/finalpage/2024-10-01/1221329510.PDF,employee,employee,原件用途：本次回购股份拟用于员工持股计划或者股权激励
2024-10-08,sz.300088,2024-09-30,https://static.cninfo.com.cn/finalpage/2024-09-30/1221332419.PDF,employee,employee,原件用途：本次回购的股份将用于股权激励，公司如未能在股份回购完成后的36个月内使用完毕已回购股份，尚未使用的已回购股份将予以注销
2024-10-10,sz.002967,2024-10-09,https://static.cninfo.com.cn/finalpage/2024-10-09/1221343067.PDF,convertible,other,原件用途：为用于转换公司计划未来发行的可转债
2024-10-10,sz.300083,2024-10-09,https://static.cninfo.com.cn/finalpage/2024-10-09/1221342878.PDF,employee,employee,原件用途：本次回购股份拟全部用于股权激励计划或员工持股计划
2024-10-10,sz.300501,2024-10-09,https://static.cninfo.com.cn/finalpage/2024-10-09/1221356043.PDF,unknown,other,原件本次用途为可转债转换，注销仅属未使用后的条件性后续
2024-10-11,sz.300861,2024-10-10,https://static.cninfo.com.cn/finalpage/2024-10-10/1221355030.PDF,employee,employee,"原件用途：用于员工持股计划或股权激励；3、拟回购股份价格区间：回购价格不超过26.50元/股；4、拟回购股份的资金总额及资金来源：不低于3,000万元（含）且不超过6,000万元（含）的公司自有资金；5、拟回购期限：自董"
2024-10-11,sz.301063,2024-10-10,https://static.cninfo.com.cn/finalpage/2024-10-10/1221354629.PDF,employee,employee,原件用途：将在未来适宜时机用于实施股权激励或员工持股计划
2024-10-16,sz.001301,2024-10-15,https://static.cninfo.com.cn/finalpage/2024-10-15/1221384450.PDF,employee,employee,原件用途：拟用于实施员工持股计划及/或股权激励
2024-10-16,sz.002318,2024-10-15,https://static.cninfo.com.cn/finalpage/2024-10-15/1221384984.PDF,employee,mixed,原件用途：用于员工持股计划或股权激励计划和转换上市公司未来发行可转换为股票的公司债券
2024-10-17,sh.688443,2024-10-16,https://static.cninfo.com.cn/finalpage/2024-10-16/1221396172.PDF,employee,employee,原件用途：本次回购股份拟在未来适宜时机用于员工持股计划或股权激励
2024-10-18,sh.601598,2024-10-17,https://static.cninfo.com.cn/finalpage/2024-10-17/1221408037.PDF,cancel,pure_cancel,原件本次A股回购用途仅为注销并减少注册资本
2024-10-18,sz.001914,2024-10-17,https://static.cninfo.com.cn/finalpage/2024-10-17/1221408029.PDF,cancel,pure_cancel,原件本次A股回购用途仅为注销并减少注册资本
2024-10-18,sz.001965,2024-10-17,https://static.cninfo.com.cn/finalpage/2024-10-17/1221406370.PDF,cancel,pure_cancel,原件本次A股回购用途仅为注销并减少注册资本
2024-10-18,sz.001979,2024-10-17,https://static.cninfo.com.cn/finalpage/2024-10-17/1221407372.PDF,cancel,pure_cancel,原件本次A股回购用途仅为注销并减少注册资本
2024-10-21,sh.601872,2024-10-18,https://static.cninfo.com.cn/finalpage/2024-10-18/1221419817.PDF,cancel,pure_cancel,原件本次A股回购用途仅为注销并减少注册资本
2024-10-21,sh.688589,2024-10-19,https://static.cninfo.com.cn/finalpage/2024-10-19/1221433873.PDF,employee,employee,原件用途：用于股权激励或者员工持股计划
2024-10-21,sz.001872,2024-10-20,https://static.cninfo.com.cn/finalpage/2024-10-20/1221443089.PDF,cancel,pure_cancel,原件本次A股回购用途仅为注销并减少注册资本
2024-10-21,sz.300751,2024-10-20,https://static.cninfo.com.cn/finalpage/2024-10-20/1221443175.PDF,unknown,other,原件本次用途为维护价值并择机出售，注销仅属条件性后续
2024-10-22,sh.601919,2024-10-21,https://static.cninfo.com.cn/finalpage/2024-10-21/1221443134.PDF,cancel,pure_cancel,原件本次A股回购用途仅为注销并减少注册资本
2024-10-23,sh.688065,2024-10-22,https://static.cninfo.com.cn/finalpage/2024-10-22/1221451122.PDF,employee,employee,原件用途：回购的股份将在未来适宜时机用于员工持股计划或股权激励，并在股份回购实施结果暨股份变动公告后三年内予以转让；若公司未能在股份回购实施结果暨股份变动公告日后三年内使用完毕已回购股份，尚未使用的已回购股份将予以注销
2024-10-25,sz.000703,2024-10-24,https://static.cninfo.com.cn/finalpage/2024-10-24/1221490789.PDF,employee,employee,原件用途：拟将回购股份用于实施员工持股计划或股权激励
2024-10-28,sh.605365,2024-10-26,https://static.cninfo.com.cn/finalpage/2024-10-26/1221520328.PDF,cancel,mixed,原件用途段并列注销与员工持股或股权激励，非全部注销
2024-10-28,sh.688270,2024-10-25,https://static.cninfo.com.cn/finalpage/2024-10-25/1221505534.PDF,employee,employee,原件用途：本次回购股份将全部用于实施员工持股计划或者股权激励；若公司未能在股份回购实施结果暨股份变动公告日后三年内转让完毕，尚未转让的已回购股份将予以注销
2024-10-28,sz.000848,2024-10-25,https://static.cninfo.com.cn/finalpage/2024-10-25/1221506464.PDF,unknown,pure_cancel,原件本次A股回购用途仅为注销并减少注册资本
2024-10-28,sz.000997,2024-10-26,https://static.cninfo.com.cn/finalpage/2024-10-26/1221523473.PDF,employee,employee,原件用途：用于后续实施股权激励计划或员工持股计划
2024-10-28,sz.301520,2024-10-25,https://static.cninfo.com.cn/finalpage/2024-10-25/1221507230.PDF,employee,employee,原件用途：本次回购股份用于员工持股计划或股权激励
2024-10-29,sh.688195,2024-10-28,https://static.cninfo.com.cn/finalpage/2024-10-28/1221531254.PDF,employee,employee,原件用途：股权激励及/或员工持股计划
2024-10-29,sz.301302,2024-10-28,https://static.cninfo.com.cn/finalpage/2024-10-28/1221520099.PDF,employee,employee,原件用途：用于实施股权激励计划或员工持股计划，若公司未能在股份回购完成后的36个月内用于上述用途，未使用部分将予以注销
2024-10-29,sz.301589,2024-10-28,https://static.cninfo.com.cn/finalpage/2024-10-28/1221543575.PDF,maintain,other,原件用途：本次回购股份将用于维护公司价值及股东权益所必需，并将按照有关回购规则和监管指引要求在规定期限内出售
2024-10-30,sh.603690,2024-10-29,https://static.cninfo.com.cn/finalpage/2024-10-29/1221543538.PDF,employee,employee,原件用途：用于员工持股计划或股权激励●回购股份价格：不超过人民币33.65元/股（含），该价格不高于公司董事会通过回购决议前30个交易日公司股票交易均价的150%●回购股份方式：集中竞价交易方式●回购股份期限：待董事会审
2024-10-30,sh.688362,2024-10-29,https://static.cninfo.com.cn/finalpage/2024-10-29/1221544183.PDF,employee,mixed,原件用途：本次回购的股份将在未来适宜时机拟用于员工持股计划及/或股权激励计划，或用于转换上市公司发行的可转换为股票的公司债券；●回购股份价格：不超过人民币32.44元/股（含），该价格不高于公司董事会通过回购方案决议前3
2024-10-30,sz.002271,2024-10-29,https://static.cninfo.com.cn/finalpage/2024-10-29/1221544001.PDF,unknown,pure_cancel,原件本次A股回购用途仅为注销并减少注册资本
2024-10-30,sz.301325,2024-10-29,https://static.cninfo.com.cn/finalpage/2024-10-29/1221543669.PDF,employee,employee,原件用途：员工持股计划或股权激励；3、回购股份的价格：回购价格不超过人民币56.38元/股（含本数），该回购价格上限未超过董事会审议通过本次回购股份方案决议前30个交易日公司股票交易均价的150%
2024-10-31,sh.600499,2024-10-30,https://static.cninfo.com.cn/finalpage/2024-10-30/1221560897.PDF,employee,employee,"原件用途：用于实施员工持股计划及/或股权激励拟回购股份的数量：不少于2,000万股且不多于3,000万股回购期限：自董事会审议通过本次回购股份方案之日起12个月内，即2024年10月30日至2025年10月29日回"
2024-10-31,sh.688016,2024-10-30,https://static.cninfo.com.cn/finalpage/2024-10-30/1221560423.PDF,employee,employee,原件用途：回购的股份将在未来适宜时机全部用于股权激励或员工持股计划，并在发布股份回购实施结果暨股份变动公告日后3年内转让；若公司本次回购的股份未能在股份回购实施结果暨股份变动公告日后3年内转让完毕，则将依法履行减少注册资
2024-10-31,sz.002343,2024-10-30,https://static.cninfo.com.cn/finalpage/2024-10-30/1221558253.PDF,cancel,pure_cancel,原件本次A股回购用途仅为注销并减少注册资本
2024-11-01,sh.600399,2024-10-31,https://static.cninfo.com.cn/finalpage/2024-10-31/1221571974.PDF,employee,employee,原件用途：用于股权激励回购股份方式：集中竞价交易方式回购股份价格：不超过人民币8.5元/股回购股份期限：自董事会审议通过本方案之日起6个月相关股东是否存在减持计划：公司董事、监事、高级管理人员、控股股东及一致行动
2024-11-01,sh.601666,2024-10-31,https://static.cninfo.com.cn/finalpage/2024-10-31/1221576938.PDF,employee,employee,原件用途：本次回购股份拟用于股权激励或员工持股计划
2024-11-01,sh.688046,2024-10-31,https://static.cninfo.com.cn/finalpage/2024-10-31/1221576625.PDF,employee,employee,原件用途：员工持股计划或股权激励●回购股份价格：不超过人民币18元/股（含），该价格不高于公司董事会通过回购方案决议前30个交易日公司股票交易均价的150%；●回购股份方式：集中竞价交易方式；●回购股份期限：自公司董事会
2024-11-01,sz.000034,2024-10-31,https://static.cninfo.com.cn/finalpage/2024-10-31/1221576510.PDF,unknown,employee,原件本次用途为员工持股或股权激励；未写明纯注销
2024-11-01,sz.003038,2024-10-31,https://static.cninfo.com.cn/finalpage/2024-10-31/1221576581.PDF,employee,employee,原件用途：股份将用于公司股权激励或员工持股计划
2024-11-04,sh.600655,2024-11-01,https://static.cninfo.com.cn/finalpage/2024-11-01/1221588133.PDF,employee,employee,原件用途：用于上海豫园旅游商城（集团）股份有限公司（以下简称“公司”或“豫园股份”）的员工持股计划或股权激励，若公司未能在股份回购实施结果暨股份变动公告日后3年内使用完毕已回购股份，尚未使用的已回购股份将予以注销
2024-11-04,sh.688381,2024-11-02,https://static.cninfo.com.cn/finalpage/2024-11-02/1221605114.PDF,employee,employee,原件用途：拟用于股权激励/员工持股计划●回购股份价格：本次回购股份的价格为不超过人民币41.68元/股（含）●回购股份方式：以集中竞价交易方式回购股份●回购股份期限：自董事会审议通过回购股份方案之日起12个月内●相关股东
2024-11-04,sz.002708,2024-11-01,https://static.cninfo.com.cn/finalpage/2024-11-01/1221588721.PDF,employee,employee,原件用途：拟用于实施员工持股计划及/或股权激励
2024-11-05,sz.300119,2024-11-04,https://static.cninfo.com.cn/finalpage/2024-11-04/1221628043.PDF,employee,employee,原件用途：用于股权激励或员工持股计划
2024-11-05,sz.301035,2024-11-04,https://static.cninfo.com.cn/finalpage/2024-11-04/1221627295.PDF,employee,employee,原件用途：本次回购的股份将用于实施股权激励计划
2024-11-05,sz.301515,2024-11-04,https://static.cninfo.com.cn/finalpage/2024-11-04/1221628004.PDF,employee,employee,原件用途：员工持股计划或股权激励，若公司未能在本次股份回购实施结果暨股份变动公告日后三年内使用完毕已回购股份，尚未使用的已回购股份将依法予以注销
2024-11-06,sz.002458,2024-11-05,https://static.cninfo.com.cn/finalpage/2024-11-05/1221627436.PDF,employee,employee,原件用途：本次回购股份将用于实施员工持股计划
2024-11-06,sz.002845,2024-11-05,https://static.cninfo.com.cn/finalpage/2024-11-05/1221627391.PDF,employee,employee,原件用途：用于股权激励计划或员工持股计划
2024-11-06,sz.002881,2024-11-05,https://static.cninfo.com.cn/finalpage/2024-11-05/1221627300.PDF,cancel,pure_cancel,原件本次A股回购用途仅为注销并减少注册资本
2024-11-06,sz.002940,2024-11-05,https://static.cninfo.com.cn/finalpage/2024-11-05/1221627831.PDF,unknown,employee,原件本次用途为员工持股或股权激励；未写明纯注销
2024-11-07,sh.600699,2024-11-06,https://static.cninfo.com.cn/finalpage/2024-11-06/1221638259.PDF,cancel,pure_cancel,原件本次A股回购用途仅为注销并减少注册资本
2024-11-07,sh.605196,2024-11-06,https://static.cninfo.com.cn/finalpage/2024-11-06/1221638222.PDF,cancel,mixed,原件用途段并列注销与员工持股或股权激励，非全部注销
2024-11-07,sz.002803,2024-11-06,https://static.cninfo.com.cn/finalpage/2024-11-06/1221638104.PDF,employee,mixed,"原件用途：用于后期实施员工持股计划、股权激励计划或可转换公司债券转股3、回购数量、占公司总股本的比例及拟用于回购的资金总额：本次回购资金总额不低于人民币6,000万元且不超过人民币10,000万元，回购价格不超过18.2"
2024-11-07,sz.300443,2024-11-06,https://static.cninfo.com.cn/finalpage/2024-11-06/1221639585.PDF,employee,employee,原件用途：用于员工持股计划或股权激励
2024-11-07,sz.300594,2024-11-06,https://static.cninfo.com.cn/finalpage/2024-11-06/1221642083.PDF,employee,employee,原件用途：本次回购的股份将用于实施员工持股计划或股权激励
2024-11-08,sh.688258,2024-11-07,https://static.cninfo.com.cn/finalpage/2024-11-07/1221641725.PDF,employee,employee,原件用途：员工股权激励或员工持股计划；●回购股份价格：不超过人民币44元/股（含），该价格不高于公司董事会通过回购决议前30个交易日公司股票交易均价的150%；●回购股份方式：集中竞价交易方式；●回购股份期限：自董事会审
2024-11-11,sz.000623,2024-11-09,https://static.cninfo.com.cn/finalpage/2024-11-09/1221661409.PDF,maintain,other,原件用途：本次回购股份的目的系为维护公司价值及股东权益
2024-11-11,sz.002567,2024-11-09,https://static.cninfo.com.cn/finalpage/2024-11-09/1221661452.PDF,employee,employee,原件用途：本次回购的股份将全部用于实施股权激励或员工持股计划；3、回购股份的价格：本次回购价格不超过7.8元/股（含），该价格不超过董事会通过回购决议前30个交易日公司股票交易均价的150%
2024-11-11,sz.301395,2024-11-08,https://static.cninfo.com.cn/finalpage/2024-11-08/1221650216.PDF,employee,employee,原件用途：股权激励或员工持股计划；若公司未能在本次股份回购实施结果暨股份变动公告日后三年内使用完毕已回购股份，尚未使用的已回购股份将依法予以注销
2024-11-11,sz.301568,2024-11-09,https://static.cninfo.com.cn/finalpage/2024-11-09/1221661226.PDF,employee,employee,原件用途：用于员工持股计划或股权激励
2024-11-12,sh.688626,2024-11-11,https://static.cninfo.com.cn/finalpage/2024-11-11/1221675790.PDF,maintain,other,原件用途：本次回购股份为了维护公司价值及股东权益
2024-11-12,sz.002203,2024-11-11,https://static.cninfo.com.cn/finalpage/2024-11-11/1221663434.PDF,employee,employee,原件用途：用于实施股权激励或员工持股计划
2024-11-12,sz.002996,2024-11-11,https://static.cninfo.com.cn/finalpage/2024-11-11/1221663486.PDF,employee,mixed,原件用途：股权激励计划、员工持股计划或可转换公司债券转股
2024-11-12,sz.300101,2024-11-11,https://static.cninfo.com.cn/finalpage/2024-11-11/1221663352.PDF,employee,employee,原件用途：全部用于员工持股计划及/或股权激励
2024-11-13,sz.002138,2024-11-12,https://static.cninfo.com.cn/finalpage/2024-11-12/1221686273.PDF,employee,employee,原件用途：将用于公司股权激励计划或员工持股计划
2024-11-13,sz.002661,2024-11-12,https://static.cninfo.com.cn/finalpage/2024-11-12/1221686401.PDF,employee,mixed,原件用途：用于股权激励计划、员工持股计划或转换上市公司发行的可转换为股票的公司债券的股份来源
2024-11-13,sz.301518,2024-11-12,https://static.cninfo.com.cn/finalpage/2024-11-12/1221698847.PDF,unknown,employee,原件本次用途为员工持股或股权激励；未写明纯注销
2024-11-14,sz.002249,2024-11-13,https://static.cninfo.com.cn/finalpage/2024-11-13/1221699263.PDF,unknown,employee,原件本次用途为员工持股或股权激励；未写明纯注销
2024-11-14,sz.002346,2024-11-13,https://static.cninfo.com.cn/finalpage/2024-11-13/1221698995.PDF,unknown,employee,原件本次用途为员工持股或股权激励；未写明纯注销
2024-11-18,sh.603477,2024-11-15,https://static.cninfo.com.cn/finalpage/2024-11-15/1221726926.PDF,employee,employee,原件用途：用于员工持股计划或股权激励●回购股份价格：28.00元/股●回购股份方式：集中竞价交易方式●回购股份期限：自公司董事会审议通过本次回购股份方案之日起12个月内●相关股东是否存在减持计划：经问询，截至本公告披露日
2024-11-18,sh.688147,2024-11-15,https://static.cninfo.com.cn/finalpage/2024-11-15/1221727288.PDF,employee,employee,原件用途：本次回购的股份将在未来适宜时机用于实施股权激励计划及/或员工持股计划；●回购股份价格：不超过人民币42.76元/股（含），该价格不高于公司董事会审议通过回购方案决议前30个交易日公司股票交易均价的150%；●回
2024-11-18,sz.000661,2024-11-16,https://static.cninfo.com.cn/finalpage/2024-11-16/1221743013.PDF,employee,employee,原件用途：回购股份将用于后续公司及子公司核心团队实施股权激励或员工持股计划
2024-11-18,sz.002557,2024-11-15,https://static.cninfo.com.cn/finalpage/2024-11-15/1221726713.PDF,unknown,employee,原件本次用途为员工持股或股权激励；未写明纯注销
2024-11-18,sz.002709,2024-11-15,https://static.cninfo.com.cn/finalpage/2024-11-15/1221727029.PDF,employee,employee,原件用途：本次回购股份将全部用于实施股权激励计划或员工持股计划，法定期间未使用部分公司将履行相关程序予以注销并减少注册资本
2024-11-20,sz.003012,2024-11-19,https://static.cninfo.com.cn/finalpage/2024-11-19/1221768611.PDF,employee,employee,原件用途：用于员工持股计划或者股权激励
2024-11-20,sz.301070,2024-11-19,https://static.cninfo.com.cn/finalpage/2024-11-19/1221778153.PDF,employee,employee,原件用途：本次回购股份将用于员工持股计划或者股权激励计划
2024-11-20,sz.301090,2024-11-19,https://static.cninfo.com.cn/finalpage/2024-11-19/1221778155.PDF,cancel,pure_cancel,原件本次A股回购用途仅为注销并减少注册资本
2024-11-21,sh.688720,2024-11-20,https://static.cninfo.com.cn/finalpage/2024-11-20/1221778728.PDF,employee,employee,原件用途：员工持股计划或股权激励回购股份价格：不超过70.58元/股（含），该等价格不高于公司董事会审议通过回购股份方案决议前30个交易日公司股票交易均价的150%回购股份方式：集中竞价交易方式回购股份期限：自公司
2024-11-22,sz.300952,2024-11-21,https://static.cninfo.com.cn/finalpage/2024-11-21/1221791337.PDF,employee,employee,原件用途：本次回购股份拟用于员工持股计划或者股权激励，建立健全公司长效激励机制，确保公司长期经营目标的顺利实现
2024-11-25,sh.601609,2024-11-23,https://static.cninfo.com.cn/finalpage/2024-11-23/1221818005.PDF,convertible,other,原件用途：用于转换公司可转债；●回购股份价格：不超过人民币8.61元/股（含），该回购价格上限不高于董事会审议通过回购决议前30个交易日公司股票交易均价的150%；●回购股份方式：集中竞价交易方式；●回购股份期限：自公司
2024-11-25,sh.603985,2024-11-22,https://static.cninfo.com.cn/finalpage/2024-11-22/1221803745.PDF,employee,employee,原件用途：用于实施股权激励或员工持股计划
2024-11-27,sz.301519,2024-11-26,https://static.cninfo.com.cn/finalpage/2024-11-26/1221836536.PDF,employee,mixed,原件用途：用于实施股权激励计划或员工持股计划和注销减少注册资本
2024-11-29,sh.688333,2024-11-28,https://static.cninfo.com.cn/finalpage/2024-11-28/1221867294.PDF,maintain,other,原件用途：用于维护公司价值及股东权益；回购股份价格：本次回购股份的价格不超过人民币74.60元/股（含），该价格不高于公司董事会通过回购股份决议前30个交易日公司股票交易均价的150%；回购股份方式：集中竞价交易方式
2024-11-29,sz.002034,2024-11-28,https://static.cninfo.com.cn/finalpage/2024-11-28/1221867106.PDF,employee,mixed,原件用途：股权激励计划、员工持股计划或可转换公司债券转股
2024-11-29,sz.300680,2024-11-28,https://static.cninfo.com.cn/finalpage/2024-11-28/1221867059.PDF,cancel,pure_cancel,原件本次A股回购用途仅为注销并减少注册资本
2024-12-02,sh.688400,2024-11-29,https://static.cninfo.com.cn/finalpage/2024-11-29/1221880755.PDF,employee,employee,原件用途：用于员工持股计划或股权激励●回购股份价格：不超过人民币35元/股（含），该价格不高于公司董事会通过回购决议前30个交易日公司股票交易均价的150%●回购股份方式：通过上海证券交易所系统以集中竞价交易方式●回购股
2024-12-02,sz.000513,2024-11-29,https://static.cninfo.com.cn/finalpage/2024-11-29/1221878906.PDF,cancel,pure_cancel,原件本次A股回购用途仅为注销并减少注册资本
2024-12-02,sz.001376,2024-11-29,https://static.cninfo.com.cn/finalpage/2024-11-29/1221879071.PDF,employee,employee,"原件用途：本次回购股份将用于实施公司员工持股计划或者股权激励，法定期间未使用部分公司将履行相关程序予以注销并减少注册资本；回购金额：不高于人民币3,600万元（含）；回购价格：不超过20元/股；回购数量：本次回购股份数量"
2024-12-02,sz.002488,2024-11-29,https://static.cninfo.com.cn/finalpage/2024-11-29/1221880575.PDF,employee,employee,原件用途：股权激励计划或员工持股计划；（3）拟回购价格：不超过人民币17.19元/股（含），回购价格上限未超过公司董事会审议通过回购股份方案前三十个交易日公司股票交易均价的150%；（4）拟回购数量：按回购价格不超过17
2024-12-03,sh.605589,2024-12-02,https://static.cninfo.com.cn/finalpage/2024-12-02/1221902514.PDF,employee,employee,原件用途：员工持股计划或股权激励●回购股份价格：不超过人民币32.00元/股（含）●回购股份方式：集中竞价交易方式●回购股份期限：自董事会审议通过本次回购方案之日起12个月●相关股东是否存在减持计划：经公司问询，截至本次
2024-12-04,sz.000528,2024-12-03,https://static.cninfo.com.cn/finalpage/2024-12-03/1221910168.PDF,employee,employee,原件用途：拟用于股权激励或员工持股计划
2024-12-05,sh.688381,2024-12-04,https://static.cninfo.com.cn/finalpage/2024-12-04/1221920286.PDF,employee,employee,原件用途：拟用于股权激励/员工持股计划●回购股份价格：本次回购股份的价格为不超过人民币41.68元/股（含）●回购股份方式：以集中竞价交易方式回购股份●回购股份期限：自董事会审议通过回购股份方案之日起12个月内●相关股东
2024-12-05,sz.002407,2024-12-04,https://static.cninfo.com.cn/finalpage/2024-12-04/1221920371.PDF,employee,employee,原件用途：用于股权激励计划或员工持股计划
2024-12-05,sz.003010,2024-12-04,https://static.cninfo.com.cn/finalpage/2024-12-04/1221920204.PDF,employee,employee,"原件用途：用于实施公司股权激励计划或员工持股计划；（3）用于回购的资金总额及资金来源：本次回购金额不低于3,000万元（含本数），不超过6,000万元（含本数），资金来源为公司自有资金和股票回购专项贷款资金；（4）回购价"
2024-12-06,sh.600212,2024-12-05,https://static.cninfo.com.cn/finalpage/2024-12-05/1221928016.PDF,employee,employee,原件用途：本次回购的股份拟用于股权激励或员工持股计划
2024-12-06,sh.603306,2024-12-05,https://static.cninfo.com.cn/finalpage/2024-12-05/1221928155.PDF,employee,employee,原件用途：本次回购的股份将用于股权激励或员工持股计划
2024-12-09,sh.688711,2024-12-06,https://static.cninfo.com.cn/finalpage/2024-12-06/1221941908.PDF,employee,mixed,原件用途：本次回购的股份将在未来适宜时机拟用于股权激励或员工持股计划，或用于转换上市公司发行的可转换为股票的公司债券
2024-12-11,sz.002415,2024-12-10,https://static.cninfo.com.cn/finalpage/2024-12-10/1221967517.PDF,cancel,pure_cancel,原件本次A股回购用途仅为注销并减少注册资本
2024-12-11,sz.300249,2024-12-10,https://static.cninfo.com.cn/finalpage/2024-12-10/1221984577.PDF,employee,employee,原件用途：全部用于员工持股计划及/或股权激励，公司如未能在股份回购完成后的36个月内实施上述用途，未使用部分将予以注销
2024-12-12,sz.300872,2024-12-11,https://static.cninfo.com.cn/finalpage/2024-12-11/1221981414.PDF,cancel,pure_cancel,原件本次A股回购用途仅为注销并减少注册资本
2024-12-16,sz.002198,2024-12-14,https://static.cninfo.com.cn/finalpage/2024-12-14/1222019656.PDF,employee,employee,原件用途：将回购股份用于实施员工持股计划或股权激励，若公司未能在股份回购完成后的36个月内使用完毕已回购股份，尚未使用的已回购股份将予以注销
2025-01-03,sh.688186,2025-01-02,https://static.cninfo.com.cn/finalpage/2025-01-02/1222201533.PDF,employee,mixed,原件用途：在未来适宜时机用于股权激励及/或员工持股计划，或用于转换上市公司发行的可转换为股票的公司债券
2025-01-03,sz.000526,2025-01-02,https://static.cninfo.com.cn/finalpage/2025-01-02/1222192211.PDF,employee,mixed,原件用途：回购的股份将用于股权激励和/或注销，回购股份优先用于注销，注销股份金额为6000万元（具体金额为根据深圳证券交易所股票交易系统集中竞价交易情况，使用资金达到6000万元前一手），股权激励具体方案另行制订
2025-01-06,sz.002446,2025-01-04,https://static.cninfo.com.cn/finalpage/2025-01-04/1222225048.PDF,unknown,employee,原件本次用途为员工持股或股权激励；未写明纯注销
2025-01-06,sz.002705,2025-01-04,https://static.cninfo.com.cn/finalpage/2025-01-04/1222224558.PDF,employee,employee,原件用途：用于实施公司股权激励计划及/或员工持股计划；8、回购期限:自董事会审议通过回购股份方案之日起12个月内；9、相关股东是否存在减持计划：公司董事、监事、高级管理人员、控股股东及其一致行动人、实际控制人在回购期间暂
2025-01-06,sz.300214,2025-01-03,https://static.cninfo.com.cn/finalpage/2025-01-03/1222225130.PDF,employee,employee,原件用途：全部用于员工持股计划或股权激励计划，公司如未能在股份回购完成后的36个月内实施上述用途，未使用部分将予以注销
2025-01-07,sh.688212,2025-01-06,https://static.cninfo.com.cn/finalpage/2025-01-06/1222238916.PDF,employee,employee,原件用途：员工持股计划或股权激励计划；回购股份价格：不超过人民币45.00元/股，该价格未超过公司董事会审议通过相关决议前30个交易日公司股票交易均价的150%；回购股份方式：通过上海证券交易所交易系统以集中竞价交易
2025-01-07,sz.002709,2025-01-06,https://static.cninfo.com.cn/finalpage/2025-01-06/1222239143.pdf,maintain,other,原件用途：本次回购股份将用于维护公司价值及股东权益所必需，并将按照有关回购规则和监管指引要求在规定期限内出售
2025-01-07,sz.300239,2025-01-06,https://static.cninfo.com.cn/finalpage/2025-01-06/1222221681.PDF,employee,employee,原件用途：用于实施员工持股计划或股权激励
2025-01-07,sz.300250,2025-01-06,https://static.cninfo.com.cn/finalpage/2025-01-06/1222245792.PDF,maintain,other,原件用途：用于维护公司价值及股东权益所必需
2025-01-09,sz.300829,2025-01-08,https://static.cninfo.com.cn/finalpage/2025-01-08/1222271835.PDF,employee,employee,原件用途：本次回购的股份将用于实施员工持股计划或股权激励
2025-01-09,sz.301228,2025-01-08,https://static.cninfo.com.cn/finalpage/2025-01-08/1222270580.PDF,employee,employee,原件用途：实施员工持股计划或股权激励
2025-01-09,sz.301391,2025-01-08,https://static.cninfo.com.cn/finalpage/2025-01-08/1222270145.PDF,employee,employee,原件用途：用于股权激励计划及（或）员工持股计划；3、回购股份的方式：集中竞价交易方式；4、回购股份的价格：不超过人民币58.23元/股（含）
2025-01-10,sz.002020,2025-01-09,https://static.cninfo.com.cn/finalpage/2025-01-09/1222268618.PDF,employee,employee,原件用途：本次回购的股份将用于股权激励或员工持股计划，具体经董事会和股东大会等依据有关法律法规决定实施方式
2025-01-13,sh.688116,2025-01-11,https://static.cninfo.com.cn/finalpage/2025-01-11/1222297718.PDF,employee,employee,原件用途：本次回购的股份将在未来适宜时机用于员工持股计划和/或股权激励，并在公司披露股份回购实施结果暨股份变动公告日之后的三年内予以转让；若公司本次回购的股份未能在上述三年内转让完毕，公司将依法履行减少注册资本的程序，未
2025-01-13,sh.688326,2025-01-11,https://static.cninfo.com.cn/finalpage/2025-01-11/1222300291.PDF,maintain,other,原件用途：本次回购基于维护公司价值及股东权益，本次回购的股份将在公司披露股份回购实施结果暨股份变动公告12个月后采用集中竞价交易方式出售，并在披露回购结果暨股份变动公告后3年内完成出售；若公司本次回购的股份未能在上述规定
2025-01-13,sz.003002,2025-01-10,https://static.cninfo.com.cn/finalpage/2025-01-10/1222285730.PDF,employee,employee,原件用途：股权激励或员工持股计划，如未能在股份回购完成之后36个月内实施，回购股份应全部予以注销
2025-01-13,sz.300778,2025-01-10,https://static.cninfo.com.cn/finalpage/2025-01-10/1222300092.PDF,employee,employee,原件用途：全部用于后期员工持股计划及/或股权激励计划的实施
2025-01-14,sz.300644,2025-01-13,https://static.cninfo.com.cn/finalpage/2025-01-13/1222322335.PDF,employee,employee,原件用途：用于实施员工持股计划或股权激励计划
2025-01-14,sz.300752,2025-01-13,https://static.cninfo.com.cn/finalpage/2025-01-13/1222321673.PDF,employee,employee,原件用途：全部用于实施员工持股计划和/或股权激励计划
2025-01-14,sz.300786,2025-01-13,https://static.cninfo.com.cn/finalpage/2025-01-13/1222322428.PDF,maintain,other,原件用途：公司本次回购股份系为维护公司价值及股东权益，回购的股份后续将用于出售，出售将按照相关规则要求进行；（3）回购股份的价格：不超过人民币15.50元/股（含本数），该回购价格上限未超过董事会审议通过本次回购股份方案
2025-01-15,sz.002252,2025-01-14,https://static.cninfo.com.cn/finalpage/2025-01-14/1222322110.PDF,employee,employee,原件用途：用于实施员工持股计划或股权激励
2025-01-15,sz.301382,2025-01-14,https://static.cninfo.com.cn/finalpage/2025-01-14/1222333688.PDF,employee,employee,原件用途：用于实施股权激励计划或员工持股计划
2025-01-16,sz.300454,2025-01-15,https://static.cninfo.com.cn/finalpage/2025-01-15/1222342085.PDF,employee,employee,原件用途：本次回购的股份将用于实施员工持股计划或股权激励计划
2025-01-20,sz.000789,2025-01-18,https://static.cninfo.com.cn/finalpage/2025-01-18/1222366281.PDF,maintain,other,原件用途：本次回购股份用于维护公司价值及股东权益，所回购股份将在披露回购结果暨股份变动公告12个月后采用集中竞价交易方式出售，并在披露回购结果暨股份变动公告后三年内完成出售，若公司未能在上述期限内完成出售，未实施出售部分
2025-01-20,sz.002669,2025-01-18,https://static.cninfo.com.cn/finalpage/2025-01-18/1222366700.PDF,employee,employee,原件本次回购股份后期用于股权激励计划或员工持股计划
2025-01-22,sz.002340,2025-01-21,https://static.cninfo.com.cn/finalpage/2025-01-21/1222381048.PDF,employee,mixed,原件用途：本次回购股份用于实施股权激励或员工持股计划和依法注销减少注册资本
2025-01-22,sz.300095,2025-01-21,https://static.cninfo.com.cn/finalpage/2025-01-21/1222388606.PDF,unknown,employee,原件本次用途为员工持股或股权激励；未写明纯注销
2025-01-23,sz.000925,2025-01-22,https://static.cninfo.com.cn/finalpage/2025-01-22/1222389806.PDF,employee,employee,原件用途：本次回购的股份将用于股权激励或员工持股计划，具体经董事会或股东大会依据有关法律法规审议并决定实施方式
2025-01-24,sz.002950,2025-01-23,https://static.cninfo.com.cn/finalpage/2025-01-23/1222405888.PDF,employee,employee,原件用途：拟用于股权激励或员工持股计划
2025-01-24,sz.300457,2025-01-23,https://static.cninfo.com.cn/finalpage/2025-01-23/1222418843.PDF,employee,employee,原件用途：本次回购的股份拟用于股权激励
2025-01-24,sz.301589,2025-01-23,https://static.cninfo.com.cn/finalpage/2025-01-23/1222418816.PDF,employee,mixed,"原件用途：本次回购股份将用于股权激励、员工持股计划或可转换公司债券转股；（3）拟回购股份的价格区间：不超过240.00元/股（含本数）；（4）拟回购股份的金额及资金来源：本次拟回购金额不低于人民币5,000万元且不超过人"
2025-01-27,sh.600315,2025-01-25,https://static.cninfo.com.cn/finalpage/2025-01-25/1222429168.PDF,employee,employee,原件用途：拟用于员工持股计划/股权激励回购股份价格：本次回购股份的价格为不超过人民币26.77元/股（含）回购股份方式：以集中竞价交易方式回购股份回购股份期限：自董事会审议通过回购股份方案之日起12个月内相关股东
2025-01-27,sh.600363,2025-01-24,https://static.cninfo.com.cn/finalpage/2025-01-24/1222417051.PDF,cancel,pure_cancel,原件本次A股回购用途仅为注销并减少注册资本
2025-01-27,sh.688089,2025-01-25,https://static.cninfo.com.cn/finalpage/2025-01-25/1222430700.PDF,employee,employee,原件用途：本次回购的股份拟在未来适宜时机用于实施股权激励计划，并在股份回购实施结果暨股份变动公告日后三年内予以转让；若公司未能在本次股份回购实施结果暨股份变动公告日后三年内转让完毕，尚未转让的回购股份将予以注销
2025-02-05,sh.603229,2025-01-27,https://static.cninfo.com.cn/finalpage/2025-01-27/1222441128.PDF,employee,employee,原件用途：拟用于实施公司股权激励和/或员工持股计划
2025-02-06,sh.688646,2025-02-05,https://static.cninfo.com.cn/finalpage/2025-02-05/1222455237.PDF,employee,mixed,原件用途：本次回购的股份将在未来适宜时机用于股权激励/员工持股计划、注销并减少注册资本，其中，拟用于股权激励/员工持股计划的股份数量不低于实际回购总量的50%，拟用于注销并减少注册资本的股份数量不高于实际回购总量的50%
2025-02-07,sh.603885,2025-02-06,https://static.cninfo.com.cn/finalpage/2025-02-06/1222459623.PDF,employee,employee,原件用途：用于员工持股计划或者股权激励
2025-02-10,sz.301188,2025-02-07,https://static.cninfo.com.cn/finalpage/2025-02-07/1222485379.PDF,employee,employee,原件用途：本次回购的股票将全部用于股权激励计划或员工持股计划
2025-02-12,sz.301376,2025-02-11,https://static.cninfo.com.cn/finalpage/2025-02-11/1222515185.PDF,employee,employee,原件用途：本次回购的股份将用于实施员工持股计划或股权激励计划
2025-02-13,sz.002727,2025-02-12,https://static.cninfo.com.cn/finalpage/2025-02-12/1222515380.PDF,maintain,other,原件用途：为维护公司价值及股东权益所必需，本次回购的股份将在披露回购结果暨股份变动公告十二个月后采用集中竞价交易方式出售，并在披露回购结果暨股份变动公告后三年内完成出售，若公司未能在上述期限内完成出售，未实施出售部分股份
2025-02-14,sz.300278,2025-02-13,https://static.cninfo.com.cn/finalpage/2025-02-13/1222523783.PDF,cancel,pure_cancel,原件本次A股回购用途仅为注销并减少注册资本
2025-02-17,sh.688238,2025-02-15,https://static.cninfo.com.cn/finalpage/2025-02-15/1222545147.PDF,employee,mixed,原件用途：本次回购股份用于股权激励或员工持股计划，以及维护公司价值及股东权益
2025-02-18,sz.300373,2025-02-17,https://static.cninfo.com.cn/finalpage/2025-02-17/1222558974.PDF,employee,employee,原件用途：本次回购股份计划用于实施员工持股计划或股权激励
2025-02-18,sz.300568,2025-02-17,https://static.cninfo.com.cn/finalpage/2025-02-17/1222559665.PDF,employee,employee,原件用途：本次回购的股份拟用于股权激励计划及/或员工持股计划，若公司未能在股份回购完成后的36个月内用于上述用途，未使用部分将予以注销
2025-02-18,sz.301099,2025-02-17,https://static.cninfo.com.cn/finalpage/2025-02-17/1222559646.PDF,employee,employee,原件用途：择机全部用于实施员工持股计划或股权激励计划
2025-02-19,sz.002292,2025-02-18,https://static.cninfo.com.cn/finalpage/2025-02-18/1222559709.PDF,employee,employee,原件用途：本次回购的股份将用于股权激励和/或员工持股计划，具体经董事会和股东大会等依据有关法律法规决定实施方式
2025-02-19,sz.300705,2025-02-18,https://static.cninfo.com.cn/finalpage/2025-02-18/1222570590.PDF,employee,employee,原件用途：本次回购的股份将用于实施股权激励计划
2025-02-19,sz.301197,2025-02-18,https://static.cninfo.com.cn/finalpage/2025-02-18/1222570510.PDF,maintain,other,原件用途：用于维护公司价值及股东权益所必需，回购的股份后续将用于出售，出售将按照相关规则要求进行
2025-02-21,sz.000739,2025-02-20,https://static.cninfo.com.cn/finalpage/2025-02-20/1222580649.PDF,employee,employee,原件用途：本次回购股份拟用于股权激励或员工持股计划
2025-02-21,sz.300298,2025-02-20,https://static.cninfo.com.cn/finalpage/2025-02-20/1222593872.PDF,employee,mixed,原件用途：本次回购股份用于员工持股计划、股权激励或者用于转换上市公司发行的可转换为股票的公司债券
2025-02-24,sz.003010,2025-02-21,https://static.cninfo.com.cn/finalpage/2025-02-21/1222593341.PDF,employee,employee,"原件用途：用于实施公司股权激励计划或员工持股计划；（3）用于回购的资金总额及资金来源：本次回购金额不低于10,000万元（含本数），不超过20,000万元（含本数），资金来源为公司自有资金和股票回购专项贷款资金；（4）回"
2025-02-25,sz.301161,2025-02-24,https://static.cninfo.com.cn/finalpage/2025-02-24/1222625359.PDF,employee,employee,原件用途：择机全部用于实施员工持股计划或股权激励计划
2025-02-26,sh.601969,2025-02-25,https://static.cninfo.com.cn/finalpage/2025-02-25/1222627611.PDF,cancel,pure_cancel,原件本次A股回购用途仅为注销并减少注册资本
2025-02-27,sz.002895,2025-02-26,https://static.cninfo.com.cn/finalpage/2025-02-26/1222638190.PDF,cancel,pure_cancel,原件本次A股回购用途仅为注销并减少注册资本
2025-03-03,sz.002250,2025-03-01,https://static.cninfo.com.cn/finalpage/2025-03-01/1222673286.PDF,employee,employee,原件用途：本次回购股份将于未来适宜时机用于员工持股计划或股权激励，具体由公司董事会和股东大会等依据有关法律法规决定
2025-03-03,sz.002270,2025-03-01,https://static.cninfo.com.cn/finalpage/2025-03-01/1222674027.PDF,employee,employee,"原件用途：用于实施员工持股计划或股权激励；（3）回购股份的价格区间：不超过24.60元/股；（4）回购股份的数量、占公司总股本的比例：按回购金额下限15,000万元和回购价格上限24.60元/股测算，预计回购股份数量约为"
2025-03-05,sz.300749,2025-03-04,https://static.cninfo.com.cn/finalpage/2025-03-04/1222692921.PDF,employee,employee,原件用途：全部用于员工持股计划或股权激励计划，公司如未能在股份回购完成后的36个月内实施上述用途，未使用部分将予以注销
2025-03-10,sz.301289,2025-03-08,https://static.cninfo.com.cn/finalpage/2025-03-08/1222742281.PDF,unknown,employee,原件本次用途为员工持股或股权激励；未写明纯注销
2025-03-11,sz.000929,2025-03-10,https://static.cninfo.com.cn/finalpage/2025-03-10/1222742240.PDF,employee,employee,"原件用途：本次回购股份拟用于股权激励或员工持股计划；若公司在股份回购完成后36个月内未能实施前述用途，未使用部分将依法履行相关程序后予以注销；（2）回购资金总额：本次回购资金总额不低于人民币2,000万元（含）且不超过人"
2025-03-12,sh.605507,2025-03-11,https://static.cninfo.com.cn/finalpage/2025-03-11/1222758699.PDF,employee,employee,原件用途：用于员工持股计划或者股权激励；●回购股份价格：不超过人民币25元/股（含），该回购价格上限不高于董事会通过回购决议前30个交易日公司股票交易均价的150%
2025-03-13,sz.300813,2025-03-12,https://static.cninfo.com.cn/finalpage/2025-03-12/1222768774.PDF,employee,employee,原件用途：本次回购股份拟全部用于员工持股计划
2025-03-14,sz.300951,2025-03-13,https://static.cninfo.com.cn/finalpage/2025-03-13/1222788259.PDF,employee,employee,原件用途：本次回购的股份拟全部用于实施员工持股计划
2025-03-17,sh.600713,2025-03-15,https://static.cninfo.com.cn/finalpage/2025-03-15/1222806534.PDF,employee,employee,原件用途：拟用于员工持股计划或者股权激励
2025-03-17,sz.300904,2025-03-15,https://static.cninfo.com.cn/finalpage/2025-03-15/1222806571.PDF,unknown,employee,原件本次用途为员工持股或股权激励；未写明纯注销
2025-03-20,sh.688136,2025-03-19,https://static.cninfo.com.cn/finalpage/2025-03-19/1222834299.PDF,employee,employee,原件用途：股权激励或员工持股计划
2025-03-20,sz.002860,2025-03-19,https://static.cninfo.com.cn/finalpage/2025-03-19/1222834706.PDF,employee,employee,原件用途：本次回购的股份将用于股权激励或员工持股计划，具体经董事会和股东大会等依据有关法律法规决定实施方式
2025-03-21,sh.603043,2025-03-20,https://static.cninfo.com.cn/finalpage/2025-03-20/1222847173.PDF,employee,employee,原件用途：回购股份将在未来适宜时机全部用于股权激励
2025-03-24,sz.301507,2025-03-21,https://static.cninfo.com.cn/finalpage/2025-03-21/1222856037.PDF,employee,employee,原件用途：拟用于股权激励
2025-03-28,sz.002432,2025-03-27,https://static.cninfo.com.cn/finalpage/2025-03-27/1222909943.PDF,unknown,employee,原件本次用途为员工持股或股权激励；未写明纯注销
2025-03-31,sh.600690,2025-03-28,https://static.cninfo.com.cn/finalpage/2025-03-28/1222926231.PDF,employee,employee,原件用途：本次回购股份计划将用于员工持股计划，公司如未能在股份回购完成之后36个月内实施前述用途，未使用部分将履行相关程序予以注销；回购资金来源：公司自有资金和/或自筹资金（含股票回购专项贷款资金等）；相关股东是否存
2025-03-31,sh.601869,2025-03-29,https://static.cninfo.com.cn/finalpage/2025-03-29/1222951646.PDF,employee,employee,原件用途：员工持股计划回购股份价格：不超过人民币57.53元/股（含）回购股份方式：集中竞价交易方式回购股份期限：自董事会审议通过本次回购方案之日起12个月相关股东是否存在减持计划：公司无控股股东、实际控制人
2025-03-31,sz.002465,2025-03-29,https://static.cninfo.com.cn/finalpage/2025-03-29/1222951097.PDF,employee,employee,原件用途：员工持股计划或者股权激励
2025-04-02,sz.002410,2025-04-01,https://static.cninfo.com.cn/finalpage/2025-04-01/1222973940.PDF,employee,employee,"原件用途：股权激励或员工持股计划；（3）回购价格：不超过21元/股（含）；（4）回购数量：不低于500（含）万股（占公司总股本的比例0.30%）且不超过1,000（含）万股（占公司总股本的比例0.61%）；（5）回购资金"
2025-04-03,sz.002577,2025-04-02,https://static.cninfo.com.cn/finalpage/2025-04-02/1222984376.PDF,unknown,pure_cancel,原件首页明确A股回购用途为减少注册资本
2025-04-07,sh.600031,2025-04-04,https://static.cninfo.com.cn/finalpage/2025-04-04/1223006423.PDF,employee,employee,原件用途：员工持股计划●回购股份价格：本次回购股份的价格上限为29.10元/股，不超过董事会审议通过本次回购决议前30个交易日公司股票交易均价的150%
2025-04-07,sh.688035,2025-04-04,https://static.cninfo.com.cn/finalpage/2025-04-04/1223004593.PDF,employee,employee,原件用途：本次回购股份将用于员工持股计划或股权激励
2025-04-07,sh.688150,2025-04-03,https://static.cninfo.com.cn/finalpage/2025-04-03/1222993256.PDF,employee,employee,原件用途：股权激励及/或员工持股计划；●回购股份价格：不超过人民币32.00元/股（含），该价格未超过公司董事会审议通过回购股份决议前30个交易日公司股票交易均价的150%；●回购股份方式：集中竞价交易方式；●回购股份期
2025-04-07,sz.002511,2025-04-03,https://static.cninfo.com.cn/finalpage/2025-04-03/1222990611.PDF,unknown,employee,原件本次用途为员工持股或股权激励；未写明纯注销
2025-04-08,sz.300494,2025-04-07,https://static.cninfo.com.cn/finalpage/2025-04-07/1223022168.pdf,employee,employee,原件用途：用于后续实施股权激励计划或员工持股计划，若公司未能在股份回购完成后的36个月内用于上述用途，未使用部分将予以注销
2025-04-08,sz.300947,2025-04-07,https://static.cninfo.com.cn/finalpage/2025-04-07/1223020798.PDF,maintain,other,原件用途：本次回购的股份将用于维护公司价值及股东权益，在披露回购结果暨股份变动公告十二个月后采用集中竞价交易方式出售，并在披露回购结果暨股份变动公告后三年内完成出售，若公司未能在上述期限内完成出售，未实施出售部分股份将履
2025-04-09,sz.300496,2025-04-08,https://static.cninfo.com.cn/finalpage/2025-04-08/1223031157.PDF,employee,employee,原件用途：回购股份将用于员工持股计划或股权激励
2025-04-09,sz.300592,2025-04-08,https://static.cninfo.com.cn/finalpage/2025-04-08/1223031096.PDF,employee,employee,原件用途：本次回购股份将用于实施股权激励计划及/或员工持股计划
2025-04-09,sz.300976,2025-04-08,https://static.cninfo.com.cn/finalpage/2025-04-08/1223031159.PDF,employee,employee,原件用途：本次回购的股份将全部用于股权激励计划或员工持股计划
2025-04-10,sz.002236,2025-04-09,https://static.cninfo.com.cn/finalpage/2025-04-09/1223031480.PDF,cancel,pure_cancel,原件本次A股回购用途仅为注销并减少注册资本
2025-04-10,sz.002484,2025-04-09,https://static.cninfo.com.cn/finalpage/2025-04-09/1223030552.PDF,employee,employee,原件用途：股权激励计划或员工持股计划
2025-04-10,sz.002681,2025-04-09,https://static.cninfo.com.cn/finalpage/2025-04-09/1223032042.PDF,employee,employee,原件用途：用于实施股权激励计划或员工持股计划
2025-04-11,sh.600273,2025-04-10,https://static.cninfo.com.cn/finalpage/2025-04-10/1223046030.PDF,employee,mixed,原件股权激励与减少注册资本并列，剩余股份拟减资注销
2025-04-11,sh.603040,2025-04-10,https://static.cninfo.com.cn/finalpage/2025-04-10/1223041986.PDF,employee,employee,原件用途：拟用于员工持股计划或股权激励，公司如未能在股份回购完成之后36个月内实施前述用途，未使用部分将履行相关程序予以注销●回购股份价格：本次回购股份的价格上限为46.00元/股，不超过董事会审议通过本次回购决议前30
2025-04-11,sz.002384,2025-04-10,https://static.cninfo.com.cn/finalpage/2025-04-10/1223042352.PDF,employee,employee,原件用途：用于实施员工持股计划或者股权激励
2025-04-11,sz.002576,2025-04-10,https://static.cninfo.com.cn/finalpage/2025-04-10/1223043373.pdf,employee,employee,原件用途：股权激励计划或员工持股计划
2025-04-14,sh.601727,2025-04-11,https://static.cninfo.com.cn/finalpage/2025-04-11/1223055579.PDF,unknown,pure_cancel,原件首页明确回购A股并减少注册资本；H股类别会议只是审批条件
2025-04-14,sz.000967,2025-04-11,https://static.cninfo.com.cn/finalpage/2025-04-11/1223056188.PDF,employee,employee,原件用途：将全部用于实施公司股权激励或员工持股计划
2025-04-14,sz.002241,2025-04-11,https://static.cninfo.com.cn/finalpage/2025-04-11/1223056790.PDF,employee,employee,原件用途：将用作员工持股计划或股权激励计划；3、本次回购的资金总额：不低于人民币5亿元（含）且不超过人民币10亿元（含），具体回购资金总额以回购期满时实际回购的资金为准；4、本次回购股份的数量：在回购价格不超过人民币38
2025-04-14,sz.002364,2025-04-12,https://static.cninfo.com.cn/finalpage/2025-04-12/1223071381.PDF,maintain,other,原件用途：用于维护公司价值及股东权益
2025-04-15,sz.300188,2025-04-14,https://static.cninfo.com.cn/finalpage/2025-04-14/1223094106.PDF,maintain,other,原件用途：为维护公司价值及股东权益所必需
2025-04-15,sz.300582,2025-04-14,https://static.cninfo.com.cn/finalpage/2025-04-14/1223072442.PDF,employee,employee,原件用途：本次回购的股份将用于实施股权激励计划或员工持股计划
2025-04-15,sz.300684,2025-04-14,https://static.cninfo.com.cn/finalpage/2025-04-14/1223094113.PDF,employee,employee,"原件用途：用于实施股权激励或员工持股计划；3.本次回购的资金总额：不低于人民币1,500万元（含）且不超过人民币3,000万元（含）"
2025-04-15,sz.300827,2025-04-14,https://static.cninfo.com.cn/finalpage/2025-04-14/1223068730.PDF,employee,employee,"原件用途：股权激励计划（3）回购股份的方式：集中竞价交易方式进行（4）回购股份的价格：本次回购价格不超过人民币36元/股（含）（5）回购资金总额：不低于3,600万元且不超过7,200万元（6）回购股份的数量：在回购价格"
2025-04-15,sz.301321,2025-04-14,https://static.cninfo.com.cn/finalpage/2025-04-14/1223094326.PDF,maintain,other,原件用途：本次回购股份的目的系为维护公司价值及股东权益，所回购股份将在披露回购结果暨股份变动公告12个月后采用集中竞价交易方式出售，逾期未实施出售部分将依法予以注销；（3）回购价格：不超过人民币16.00元/股（含），该
2025-04-16,sh.600216,2025-04-15,https://static.cninfo.com.cn/finalpage/2025-04-15/1223092567.PDF,employee,employee,原件用途：员工持股计划或股权激励回购股份的资金总额：不低于人民币1亿元（含）且不超过人民币2亿元（含）回购股份的价格：不超过人民币20.83元/股（含）（即不高于公司董事会通过回购决议前30个交易日公司股票交易均价的
2025-04-16,sh.600406,2025-04-15,https://static.cninfo.com.cn/finalpage/2025-04-15/1223093144.PDF,employee,employee,原件用途：用于未来实施股权激励计划
2025-04-16,sz.002001,2025-04-15,https://static.cninfo.com.cn/finalpage/2025-04-15/1223094967.PDF,employee,employee,原件用途：用于公司股权激励或员工持股计划，若公司未能在股份回购实施结果暨股份变动公告日后36个月内使用完毕已回购股份，尚未使用的已回购股份将予以注销
2025-04-16,sz.002600,2025-04-15,https://static.cninfo.com.cn/finalpage/2025-04-15/1223095574.PDF,employee,employee,原件用途：用于股权激励计划或员工持股计划；4、拟回购价格：不超过人民币13.18元/股（含本数），未超过公司董事会通过回购股份决议前30个交易日公司股票交易均价的150%；5、拟回购数量：按照回购金额上限4亿元（含）测算
2025-04-16,sz.300777,2025-04-15,https://static.cninfo.com.cn/finalpage/2025-04-15/1223097541.PDF,employee,employee,原件用途：用于员工持股计划或者股权激励
2025-04-17,sh.600309,2025-04-16,https://static.cninfo.com.cn/finalpage/2025-04-16/1223098990.PDF,cancel,pure_cancel,原件本次A股回购用途仅为注销并减少注册资本
2025-04-17,sh.600765,2025-04-16,https://static.cninfo.com.cn/finalpage/2025-04-16/1223101193.PDF,cancel,pure_cancel,原件本次A股回购用途仅为注销并减少注册资本
2025-04-17,sh.601877,2025-04-16,https://static.cninfo.com.cn/finalpage/2025-04-16/1223098139.PDF,employee,employee,原件用途：拟用于实施员工持股计划
2025-04-17,sz.000050,2025-04-16,https://static.cninfo.com.cn/finalpage/2025-04-16/1223099982.PDF,cancel,pure_cancel,原件本次A股回购用途仅为注销并减少注册资本
2025-04-17,sz.002419,2025-04-16,https://static.cninfo.com.cn/finalpage/2025-04-16/1223098022.PDF,cancel,pure_cancel,原件本次A股回购用途仅为注销并减少注册资本
2025-04-18,sh.688408,2025-04-17,https://static.cninfo.com.cn/finalpage/2025-04-17/1223111318.PDF,employee,employee,原件用途：回购的股份将在未来适宜时机全部用于员工持股计划或者股权激励，并在股份回购实施结果暨股份变动公告后三年内予以转让；若公司未能将本次回购的股份在股份回购实施结果暨股份变动公告日后三年内转让完毕，则将依法履行减少注册
2025-04-18,sz.000988,2025-04-17,https://static.cninfo.com.cn/finalpage/2025-04-17/1223113168.PDF,employee,employee,原件用途：本次回购股份将于未来适宜时机用于实施员工持股计划或股权激励
2025-04-18,sz.002920,2025-04-17,https://static.cninfo.com.cn/finalpage/2025-04-17/1223113978.pdf,employee,employee,原件用途：本次回购的股份将用于实施股权激励计划或员工持股1惠州市德赛西威汽车电子股份有限公司计划
2025-04-18,sz.300568,2025-04-17,https://static.cninfo.com.cn/finalpage/2025-04-17/1223110488.PDF,maintain,other,原件用途：本次回购的股份拟用于维护公司价值及股东权益，本次回购的股份将在披露回购结果暨股份变动公告十二个月后采用集中竞价交易方式出售，并在披露回购结果暨股份变动公告后三年内完成出售，若公司未能在上述期限内完成出售，未实施
2025-04-18,sz.301310,2025-04-17,https://static.cninfo.com.cn/finalpage/2025-04-17/1223123082.PDF,employee,employee,原件用途：本次拟回购股份将在未来适宜时机用于实施股权激励或员工持股计划
2025-04-21,sh.600372,2025-04-19,https://static.cninfo.com.cn/finalpage/2025-04-19/1223149096.PDF,employee,employee,原件用途：本次回购股份将用于员工持股计划或股权激励计划，若中航机载系统股份有限公司（以下简称公司、中航机载）未能在本次回购完成之后36个月内将回购股份用于上述用途，则公司回购的股份将依法予以注销；●回购股份价格：不超过人
2025-04-21,sh.688183,2025-04-19,https://static.cninfo.com.cn/finalpage/2025-04-19/1223151831.PDF,employee,employee,原件用途：本次回购的股份将在未来适宜时机全部用于股权激励或员工持股计划，并将在公司披露股份回购实施结果暨股份变动公告后3年内使用完毕；若未能在规定期限内使用完毕董事会将依法履行减少注册资本的程序，尚未使用的已回购股份将被
2025-04-21,sz.000581,2025-04-18,https://static.cninfo.com.cn/finalpage/2025-04-18/1223125312.PDF,cancel,pure_cancel,原件本次A股回购用途仅为注销并减少注册资本
2025-04-21,sz.000801,2025-04-19,https://static.cninfo.com.cn/finalpage/2025-04-19/1223146394.PDF,cancel,pure_cancel,原件本次A股回购用途仅为注销并减少注册资本
2025-04-21,sz.300303,2025-04-19,https://static.cninfo.com.cn/finalpage/2025-04-19/1223155614.PDF,unknown,employee,原件本次用途为员工持股或股权激励；未写明纯注销
2025-04-23,sz.001314,2025-04-22,https://static.cninfo.com.cn/finalpage/2025-04-22/1223195802.PDF,unknown,employee,原件本次用途为员工持股或股权激励；未写明纯注销
2025-04-23,sz.002026,2025-04-22,https://static.cninfo.com.cn/finalpage/2025-04-22/1223185275.PDF,cancel,pure_cancel,原件本次A股回购用途仅为注销并减少注册资本
2025-04-23,sz.002993,2025-04-22,https://static.cninfo.com.cn/finalpage/2025-04-22/1223190553.PDF,employee,employee,原件用途：将用于实施公司员工持股计划或者股权激励；回购金额：不低于人民币4000万元（含），不高于人民币8000万元（含）；回购价格：不超过59元/股；回购数量：以回购股份价格上限人民币59元/股计算，本次回购股份约为6
2025-04-23,sz.301007,2025-04-22,https://static.cninfo.com.cn/finalpage/2025-04-22/1223193932.PDF,employee,employee,"原件用途：股权激励；3、拟用于回购股份的资金总额：不低于人民币5,000万元（含），不超过人民币10,000万元（含）；4、拟回购价格：不高于23.69元/股，该价格为不高于公司董事会审议通过本次回购方案决议前30个交易"
2025-04-23,sz.301109,2025-04-22,https://static.cninfo.com.cn/finalpage/2025-04-22/1223187977.PDF,employee,employee,原件用途：本次回购的股份将用于实施员工持股计划或股权激励
2025-04-24,sz.002049,2025-04-23,https://static.cninfo.com.cn/finalpage/2025-04-23/1223222878.PDF,employee,employee,原件用途：用于股权激励或员工持股计划；（3）拟回购股份的价格区间：不超过人民币103.39元/股，不高于公司董事会审议通过回购股份决议前30个交易日公司股票交易均价的150%；（4）拟用于回购的资金总额：人民币1亿元（含
2025-04-24,sz.002111,2025-04-23,https://static.cninfo.com.cn/finalpage/2025-04-23/1223210206.PDF,employee,employee,原件用途：本次回购的股份拟用于公司实施股权激励计划或员工持股计划
2025-04-24,sz.002481,2025-04-23,https://static.cninfo.com.cn/finalpage/2025-04-23/1223212227.PDF,employee,employee,原件用途：本次回购的股份将在未来适宜时机用于实施股权激励或员工持股计划7、相关股东是否存在减持计划：截至本公告日，公司未收到董事、监事、高级管理人员、持股5%以上股东及其一致行动人在回购期间的减持股份计划，若未来前述主体
2025-04-24,sz.002983,2025-04-23,https://static.cninfo.com.cn/finalpage/2025-04-23/1223218827.PDF,employee,employee,原件用途：拟用于未来实施股权激励计划，若公司未能在披露股份回购实施结果公告后3年内完成授予完毕已回购股份，未授予的股份将依法予以注销
2025-04-24,sz.300415,2025-04-23,https://static.cninfo.com.cn/finalpage/2025-04-23/1223217006.PDF,maintain,other,原件用途：用于维护公司价值及股东权益
2025-04-25,sh.603477,2025-04-24,https://static.cninfo.com.cn/finalpage/2025-04-24/1223236104.PDF,employee,employee,原件用途：用于员工持股计划或股权激励●回购股份价格：28.00元/股●回购股份方式：集中竞价交易方式●回购股份期限：自公司董事会审议通过本次回购股份方案之日起12个月内●相关股东是否存在减持计划：经问询，截至本公告披露日
2025-04-25,sz.002023,2025-04-24,https://static.cninfo.com.cn/finalpage/2025-04-24/1223249315.PDF,employee,employee,原件用途：用于员工持股计划或者股权激励；本次回购股份的资金总额不低于人民币6000万元(含)，且不超过人民币8000万元（含）；本次回购股份的价格为不超过人民币13.50元/股（含），未超过董事会通过回购股份决议前三十个
2025-04-25,sz.002353,2025-04-24,https://static.cninfo.com.cn/finalpage/2025-04-24/1223235340.PDF,unknown,employee,原件本次用途为员工持股或股权激励；未写明纯注销
2025-04-25,sz.002686,2025-04-24,https://static.cninfo.com.cn/finalpage/2025-04-24/1223243908.PDF,employee,employee,"原件用途：股权激励计划或员工持股计划；（3）回购价格：不超过人民币6.50元/股（含），该回购股份价格上限未超过董事会通过回购股份决议前三十个交易日公司股票交易均价的150%；（4）回购金额：不低于人民币3,000万元（"
2025-04-25,sz.300442,2025-04-24,https://static.cninfo.com.cn/finalpage/2025-04-24/1223249746.PDF,employee,mixed,原件用途：本次回购的股份将用于员工持股计划或股权激励或用于转换上市公司发行的可转换为股票的公司债券
2025-04-28,sh.600059,2025-04-25,https://static.cninfo.com.cn/finalpage/2025-04-25/1223273873.PDF,employee,employee,原件用途：本次回购的股份用于员工持股计划或股权激励；若公司未能在本次股份回购完成之后36个月内将回购股份用于上述用途，则尚未使用的已回购股份将予以注销
2025-04-28,sh.600862,2025-04-26,https://static.cninfo.com.cn/finalpage/2025-04-26/1223325705.PDF,employee,employee,原件用途：本次回购的股份将用于未来实施股权激励计划
2025-04-28,sh.601231,2025-04-26,https://static.cninfo.com.cn/finalpage/2025-04-26/1223324756.PDF,employee,employee,原件用途：本次回购的股份拟用于员工持股计划；●回购股份价格：公司本次回购股份的价格为不超过人民币20.00元/股，该价格不高于公司董事会通过回购股份决议前30个交易日公司股票交易均价的150%；●回购股份方式：集中竞价交
2025-04-28,sz.000957,2025-04-26,https://static.cninfo.com.cn/finalpage/2025-04-26/1223301434.PDF,unknown,employee,原件本次用途为员工持股或股权激励；未写明纯注销
2025-04-28,sz.002643,2025-04-25,https://static.cninfo.com.cn/finalpage/2025-04-25/1223274326.PDF,cancel,pure_cancel,原件本次A股回购用途仅为注销并减少注册资本
2025-04-29,sz.300624,2025-04-28,https://static.cninfo.com.cn/finalpage/2025-04-28/1223329706.PDF,employee,employee,原件用途：拟用于员工持股计划或股权激励计划
2025-04-29,sz.300748,2025-04-28,https://static.cninfo.com.cn/finalpage/2025-04-28/1223302253.PDF,cancel,pure_cancel,原件本次A股回购用途仅为注销并减少注册资本
2025-04-29,sz.301127,2025-04-28,https://static.cninfo.com.cn/finalpage/2025-04-28/1223303317.PDF,employee,employee,原件用途：用于后期公司实施股权激励或员工持股计划，如公司未能在股份回购实施完成之后36个月内将已回购股份使用完毕，尚未使用的已回购股份将被注销
2025-04-30,sh.601985,2025-04-29,https://static.cninfo.com.cn/finalpage/2025-04-29/1223364586.PDF,employee,employee,原件用途：用于股权激励
2025-04-30,sz.002179,2025-04-29,https://static.cninfo.com.cn/finalpage/2025-04-29/1223381958.PDF,unknown,employee,原件本次用途为员工持股或股权激励；未写明纯注销
2025-04-30,sz.300520,2025-04-29,https://static.cninfo.com.cn/finalpage/2025-04-29/1223385744.PDF,employee,employee,原件用途：用于实施股权激励或员工持股计划，可能存在因股权激励或员工持股计划未能经公司董事会和股东大会等决策机构审议通过，或因激励对象未达到行权条件或放弃认购等原因，导致已回购股票无法授出或无法全部授出而被注销的风险
2025-04-30,sz.301191,2025-04-29,https://static.cninfo.com.cn/finalpage/2025-04-29/1223367456.PDF,employee,mixed,原件用途：本次回购股份将用于股权激励或员工持股计划，及维护公司价值及股东权益
2025-05-06,sh.601390,2025-04-30,https://static.cninfo.com.cn/finalpage/2025-04-30/1223421796.PDF,cancel,pure_cancel,原件本次A股回购用途仅为注销并减少注册资本
2025-05-06,sz.000338,2025-04-30,https://static.cninfo.com.cn/finalpage/2025-04-30/1223414234.PDF,cancel,pure_cancel,原件本次A股回购用途仅为注销并减少注册资本
2025-05-06,sz.000975,2025-04-30,https://static.cninfo.com.cn/finalpage/2025-04-30/1223409977.PDF,cancel,pure_cancel,原件本次A股回购用途仅为注销并减少注册资本
2025-05-08,sz.002126,2025-05-07,https://static.cninfo.com.cn/finalpage/2025-05-07/1223476732.PDF,employee,employee,原件用途：本次回购的股份拟用于公司实施股权激励计划或员工持股计划
2025-05-08,sz.300985,2025-05-07,https://static.cninfo.com.cn/finalpage/2025-05-07/1223490478.PDF,employee,employee,原件用途：股权激励或员工持股计划
2025-05-12,sh.600839,2025-05-09,https://static.cninfo.com.cn/finalpage/2025-05-09/1223496458.PDF,employee,employee,原件用途：拟用于股权激励
2025-05-12,sh.603313,2025-05-10,https://static.cninfo.com.cn/finalpage/2025-05-10/1223512639.PDF,employee,employee,原件用途：本次回购股份将用于员工持股计划或者股权激励
2025-05-12,sz.000404,2025-05-09,https://static.cninfo.com.cn/finalpage/2025-05-09/1223497132.PDF,employee,employee,原件用途：本次回购的股份将用于实施股权激励
2025-05-12,sz.000521,2025-05-09,https://static.cninfo.com.cn/finalpage/2025-05-09/1223495748.PDF,employee,employee,原件用途：回购的股份将用于股权激励
2025-05-12,sz.000731,2025-05-09,https://static.cninfo.com.cn/finalpage/2025-05-09/1223493762.PDF,cancel,pure_cancel,原件本次A股回购用途仅为注销并减少注册资本
2025-05-14,sh.600267,2025-05-13,https://static.cninfo.com.cn/finalpage/2025-05-13/1223528008.PDF,employee,employee,原件用途：拟用于后续实施员工持股计划
2025-05-15,sz.300739,2025-05-14,https://static.cninfo.com.cn/finalpage/2025-05-14/1223544410.PDF,employee,employee,原件用途：用于员工持股计划或股权激励
2025-05-16,sh.600989,2025-05-15,https://static.cninfo.com.cn/finalpage/2025-05-15/1223545203.PDF,employee,employee,原件用途：本次回购股份拟作为宁夏宝丰能源集团股份有限公司(以下简称“公司”)实施员工持股计划或股权激励的股票来源
2025-05-16,sh.603375,2025-05-15,https://static.cninfo.com.cn/finalpage/2025-05-15/1223544503.PDF,employee,employee,原件用途：用于实施股权激励或员工持股计划
2025-05-16,sz.002858,2025-05-15,https://static.cninfo.com.cn/finalpage/2025-05-15/1223544815.PDF,unknown,employee,原件本次用途为员工持股或股权激励；未写明纯注销
2025-05-16,sz.301231,2025-05-15,https://static.cninfo.com.cn/finalpage/2025-05-15/1223555760.PDF,unknown,employee,原件本次用途为员工持股或股权激励；未写明纯注销
2025-05-19,sz.002028,2025-05-17,https://static.cninfo.com.cn/finalpage/2025-05-17/1223573136.PDF,cancel,pure_cancel,原件本次A股回购用途仅为注销并减少注册资本
2025-05-21,sz.301102,2025-05-20,https://static.cninfo.com.cn/finalpage/2025-05-20/1223587368.PDF,employee,employee,原件用途：拟用于员工持股计划或者股权激励
2025-05-22,sz.002919,2025-05-21,https://static.cninfo.com.cn/finalpage/2025-05-21/1223606243.PDF,employee,employee,原件用途：将用于公司股权激励计划或员工持股计划
2025-05-29,sh.603859,2025-05-28,https://static.cninfo.com.cn/finalpage/2025-05-28/1223695913.PDF,employee,employee,原件用途：回购的股份将在未来适当时机用于员工持股计划，并在股份回购实施结果暨股份变动公告后三年内予以转让；若公司未能在股份回购实施结果暨股份变动公告日后三年内使用完毕已回购股份，尚未使用的已回购股份将予以注销
2025-06-03,sh.601800,2025-05-31,https://static.cninfo.com.cn/finalpage/2025-05-31/1223734218.PDF,cancel,pure_cancel,原件本次A股回购用途仅为注销并减少注册资本
2025-06-05,sh.688390,2025-06-04,https://static.cninfo.com.cn/finalpage/2025-06-04/1223749943.PDF,employee,mixed,原件用途：本次回购的股份将在未来适宜时机拟用于股权激励或员工持股计划，或用于减少注册资本
2025-06-09,sz.002601,2025-06-07,https://static.cninfo.com.cn/finalpage/2025-06-07/1223802699.PDF,employee,employee,"原件用途：用于实施股权激励或员工持股计划；（3）拟回购股份的价格上限：本次回购股份的价格为不超过人民币24.82元/股（含）；（4）拟用于回购股份的资金总额：本次回购股份的资金总额不低于人民币50,000.00万元（含）"
2025-06-16,sz.000960,2025-06-13,https://static.cninfo.com.cn/finalpage/2025-06-13/1223860628.PDF,cancel,pure_cancel,原件本次A股回购用途仅为注销并减少注册资本
2025-06-19,sh.688186,2025-06-18,https://static.cninfo.com.cn/finalpage/2025-06-18/1223899912.PDF,employee,mixed,原件用途：在未来适宜时机用于员工持股计划及/或股权激励，或用于转换上市公司发行的可转换为股票的公司债券
2025-06-20,sh.688352,2025-06-19,https://static.cninfo.com.cn/finalpage/2025-06-19/1223909604.PDF,employee,employee,原件用途：员工股权激励或员工持股计划；●回购股份价格：不超过人民币16.61元/股（含税），该价格不高于公司董事会审议通过回购方案决议前30个交易日公司股票交易均价的150%；●回购股份方式：集中竞价交易方式；●回购股份
2025-06-25,sh.688531,2025-06-24,https://static.cninfo.com.cn/finalpage/2025-06-24/1223956668.PDF,employee,employee,原件用途：公司拟在未来适宜时机将本次回购的股份用于股权激励，并在股份回购实施结果暨股份变动公告披露后三年内完成股份转让
2025-06-25,sz.000977,2025-06-24,https://static.cninfo.com.cn/finalpage/2025-06-24/1223956094.PDF,cancel,pure_cancel,原件本次A股回购用途仅为注销并减少注册资本
2025-06-25,sz.300686,2025-06-24,https://static.cninfo.com.cn/finalpage/2025-06-24/1223974068.PDF,employee,employee,"原件用途：公司实施股权激励计划；（3）回购股份的资金总额及资金来源：本次回购资金总额不低于人民币3,000.00万元（含本数）且不超过人民币6,000.00万元（含本数），本次回购股份的资金来源为公司自有资金或自筹资金；"
2025-06-26,sz.002240,2025-06-25,https://static.cninfo.com.cn/finalpage/2025-06-25/1223973725.PDF,maintain,other,原件用途：、数量、占公司总股本的比例及拟用于回购的资金总额本次回购的股份拟用于维护公司价值及股东权益，如国家相关政策调整，则回购方案按调整后的政策实施
2025-06-30,sh.688062,2025-06-27,https://static.cninfo.com.cn/finalpage/2025-06-27/1224000257.PDF,employee,employee,原件用途：回购的股份拟用于员工持股计划或股权激励
2025-06-30,sh.688298,2025-06-28,https://static.cninfo.com.cn/finalpage/2025-06-28/1224015454.PDF,maintain,other,原件用途：本次回购的股份将用于维护公司价值及股东权益，将在公司披露回购结果暨股份变动公告12个月后采用集中竞价交易方式出售，并在3年内完成出售
2025-07-02,sh.605162,2025-07-01,https://static.cninfo.com.cn/finalpage/2025-07-01/1224036313.PDF,employee,employee,原件用途：用于员工持股计划或股权激励；●回购股份价格：不超过人民币11.38元/股（含），该价格不高于公司董事会通过回购股份方案决议前30个交易日公司股票交易均价的150%；●回购股份方式：采用集中竞价交易方式实施；●回
2025-07-03,sz.301232,2025-07-02,https://static.cninfo.com.cn/finalpage/2025-07-02/1224066479.PDF,unknown,employee,原件本次用途为员工持股或股权激励；未写明纯注销
2025-07-08,sz.301258,2025-07-07,https://static.cninfo.com.cn/finalpage/2025-07-07/1224091132.PDF,employee,employee,原件用途：将在未来适宜时机用于实施股权激励计划或员工持股计划
2025-07-10,sz.300322,2025-07-09,https://static.cninfo.com.cn/finalpage/2025-07-09/1224104292.PDF,cancel,pure_cancel,原件本次A股回购用途仅为注销并减少注册资本
2025-07-14,sz.000950,2025-07-12,https://static.cninfo.com.cn/finalpage/2025-07-12/1224146764.PDF,cancel,pure_cancel,原件本次A股回购用途仅为注销并减少注册资本
2025-07-18,sz.002787,2025-07-17,https://static.cninfo.com.cn/finalpage/2025-07-17/1224189318.PDF,employee,employee,原件用途：用于公司员工持股计划或者股权激励，如存在尚未使用的部分，则在披露本次回购结果暨股份变动公告后的三年内予以注销
2025-07-25,sz.003000,2025-07-24,https://static.cninfo.com.cn/finalpage/2025-07-24/1224269027.PDF,unknown,employee,原件本次用途为员工持股或股权激励；未写明纯注销
2025-07-28,sh.603368,2025-07-26,https://static.cninfo.com.cn/finalpage/2025-07-26/1224299309.PDF,employee,employee,原件用途：拟在未来适宜时机用于实施股权激励及/或员工持股计划；若公司未能在本次股份回购完成后3年内实施上述用途，则未使用的已回购股份将履行相关程序予以注销
2025-08-04,sh.603861,2025-08-02,https://static.cninfo.com.cn/finalpage/2025-08-02/1224368512.PDF,employee,employee,原件用途：、数量、占公司总股本的比例、资金总额、资金来源本次回购股份拟用于员工持股计划及/或股权激励
2025-08-04,sz.002327,2025-08-01,https://static.cninfo.com.cn/finalpage/2025-08-01/1224354490.PDF,employee,employee,原件用途：本次回购的股份将全部用于实施员工持股计划或者股权激励计划
2025-08-04,sz.301589,2025-08-02,https://static.cninfo.com.cn/finalpage/2025-08-02/1224367825.PDF,employee,mixed,"原件用途：本次回购股份将用于股权激励、员工持股计划或可转换公司债券转股；（3）拟回购股份的价格区间：不超过215.00元/股（含本数）；（4）拟回购股份的金额及资金来源：本次拟回购金额不低于人民币7,500万元且不超过人"
2025-08-08,sz.002233,2025-08-07,https://static.cninfo.com.cn/finalpage/2025-08-07/1224414865.PDF,employee,employee,原件用途：本次回购的股份拟用于公司实施员工持股计划
2025-08-19,sz.002802,2025-08-18,https://static.cninfo.com.cn/finalpage/2025-08-18/1224497048.PDF,cancel,pure_cancel,原件本次A股回购用途仅为注销并减少注册资本
2025-08-21,sz.003010,2025-08-20,https://static.cninfo.com.cn/finalpage/2025-08-20/1224519509.PDF,employee,employee,"原件用途：用于实施公司股权激励计划或员工持股计划；（3）用于回购的资金总额及资金来源：本次回购金额不低于10,000万元（含本数），不超过20,000万元（含本数），资金来源为公司自有资金和股票回购专项贷款资金；（4）回"
2025-08-21,sz.300203,2025-08-20,https://static.cninfo.com.cn/finalpage/2025-08-20/1224524911.PDF,employee,employee,原件用途：将在未来适宜时机用于实施股权激励计划或员工持股计划
2025-08-25,sh.600055,2025-08-23,https://static.cninfo.com.cn/finalpage/2025-08-23/1224559805.PDF,employee,employee,原件用途：用于员工持股计划或股权激励
2025-08-25,sh.601956,2025-08-22,https://static.cninfo.com.cn/finalpage/2025-08-22/1224536949.PDF,employee,employee,原件用途：本次回购股份将用于员工持股计划或股权激励
2025-08-25,sz.002459,2025-08-23,https://static.cninfo.com.cn/finalpage/2025-08-23/1224560902.PDF,employee,employee,原件用途：回购的股份将在未来适宜时机全部用于员工持股计划或者股权激励；2、回购规模：回购资金总额不低于人民币2亿元（含）且不超过人民币4亿元（含）；3、回购价格：不超过人民币17.36元/股（含），回购价格不高于公司董事
2025-08-28,sz.002062,2025-08-27,https://static.cninfo.com.cn/finalpage/2025-08-27/1224584462.PDF,employee,employee,原件用途段写明拟用于员工持股计划或股权激励
2025-08-28,sz.300115,2025-08-27,https://static.cninfo.com.cn/finalpage/2025-08-27/1224581566.PDF,employee,employee,原件用途：用于公司员工持股计划或股权激励计划，存在因员工持股计划方案或股权激励计划方案未能经董事会和股东会等决策机构审议通过等原因，导致已回购股票无法全部授出的风险
2025-08-28,sz.301197,2025-08-27,https://static.cninfo.com.cn/finalpage/2025-08-27/1224581371.PDF,employee,employee,原件用途：用于实施股权激励或员工持股计划
2025-08-29,sz.002350,2025-08-28,https://static.cninfo.com.cn/finalpage/2025-08-28/1224588940.PDF,unknown,employee,原件本次用途为员工持股或股权激励；未写明纯注销
2025-08-29,sz.301292,2025-08-28,https://static.cninfo.com.cn/finalpage/2025-08-28/1224599217.PDF,employee,employee,原件用途：用于员工持股计划
2025-09-01,sh.600335,2025-08-30,https://static.cninfo.com.cn/finalpage/2025-08-30/1224620751.PDF,cancel,pure_cancel,原件本次A股回购用途仅为注销并减少注册资本
2025-09-01,sh.601006,2025-08-29,https://static.cninfo.com.cn/finalpage/2025-08-29/1224613737.PDF,cancel,pure_cancel,原件本次A股回购用途仅为注销并减少注册资本
2025-09-01,sh.603344,2025-08-30,https://static.cninfo.com.cn/finalpage/2025-08-30/1224621402.PDF,employee,employee,原件用途：用于实施股权激励或员工持股计划
2025-09-01,sz.000537,2025-08-29,https://static.cninfo.com.cn/finalpage/2025-08-29/1224605005.PDF,cancel,pure_cancel,原件本次A股回购用途仅为注销并减少注册资本
2025-09-01,sz.002517,2025-08-30,https://static.cninfo.com.cn/finalpage/2025-08-30/1224626647.PDF,employee,employee,原件用途：为用于后续员工持股计划、股权激励计划
2025-09-15,sh.688733,2025-09-13,https://static.cninfo.com.cn/finalpage/2025-09-13/1224656158.PDF,employee,employee,原件用途：本次回购的股份将在未来适宜时机用于员工持股计划或股权激励，并在公司披露股份回购实施结果暨股份变动公告日之后的三年内予以转让；若公司本次回购的股份未能在上述三年内转让完毕，公司将依法履行减少注册资本的程序，未转让
2025-09-15,sz.300703,2025-09-12,https://static.cninfo.com.cn/finalpage/2025-09-12/1224656344.PDF,employee,employee,原件用途：将在未来适宜时机用于实施股权激励计划或员工持股计划
2025-09-17,sz.002928,2025-09-16,https://static.cninfo.com.cn/finalpage/2025-09-16/1224661061.PDF,employee,employee,原件用途：用于员工持股计划或者股权激励
2025-09-24,sh.688359,2025-09-23,https://static.cninfo.com.cn/finalpage/2025-09-23/1224674738.pdf,employee,employee,原件用途：本次回购的股份拟用于员工股权激励或员工持股计划；回购股份价格：不超过人民币80.00元/股，该价格不高于公司董事会审议通过回购方案决议前30个交易日广州三孚新材料科技股份有限公司（以下简称“公司”）股票交易均
2025-09-24,sz.300482,2025-09-23,https://static.cninfo.com.cn/finalpage/2025-09-23/1224676660.PDF,employee,employee,原件用途：本次回购的股份将全部用于实施股权激励或员工持股计划
2025-09-26,sh.600176,2025-09-25,https://static.cninfo.com.cn/finalpage/2025-09-25/1224679614.PDF,employee,employee,原件用途：作为公司实施股权激励的股票来源
2025-09-30,sz.301275,2025-09-29,https://static.cninfo.com.cn/finalpage/2025-09-29/1224691802.PDF,employee,employee,原件用途：用于实施员工持股计划或股权激励
2025-10-09,sh.688158,2025-09-30,https://static.cninfo.com.cn/finalpage/2025-09-30/1224692786.PDF,employee,employee,原件用途：用于股权激励或员工持股计划;●回购股份价格：不超过人民币40.33元/股（含）
2025-10-09,sz.000039,2025-09-30,https://static.cninfo.com.cn/finalpage/2025-09-30/1224692110.PDF,maintain,other,原件用途：本次回购股份全部用于为维护公司价值及股东权益所必需，回购的股份将全部用于出售
2025-10-09,sz.301265,2025-09-30,https://static.cninfo.com.cn/finalpage/2025-09-30/1224694945.PDF,employee,employee,原件用途：回购股份将用于实施股权激励或员工持股计划，公司目前尚未明确股权激励或员工持股计划方案，未来将在适宜时机严格按照法律法规以及《公司章程》等的有关规定，遵循公平、公正的市场原则，合理、公允、公平的设置股权激励或员工
2025-10-10,sh.600801,2025-10-09,https://static.cninfo.com.cn/finalpage/2025-10-09/1224697753.PDF,employee,employee,原件用途：□减少注册资本√股权激励□为维护公司价值及股东权益集中竞价交易方式回购方式□为维护公司价值及股东权益129万股-258万股（依照回购价格上限测算）回购数量0.06%-0.12%回购股份占总股本比例（一）公司本次
2025-10-13,sz.002119,2025-10-11,https://static.cninfo.com.cn/finalpage/2025-10-11/1224705364.PDF,employee,employee,原件用途：用于实施股权激励或者公司员工持股计划，可能存在因股权激励计划或者公司员工持股计划未能经公司董事会和股东大会等决策机构审议通过、激励对象放弃认购等原因，导致已回购股票无法全部授出的风险
2025-10-14,sz.301258,2025-10-13,https://static.cninfo.com.cn/finalpage/2025-10-13/1224709301.PDF,employee,employee,原件用途：将在未来适宜时机用于实施股权激励计划或员工持股计划
2025-10-15,sh.601919,2025-10-14,https://static.cninfo.com.cn/finalpage/2025-10-14/1224709587.PDF,maintain,pure_cancel,原件用途：本次回购为维护公司价值及股东权益所必需，本次回购的股份将全部注销并减少注册资本回购A股股份价格：A股股份回购价格不超过人民币14.98元/股（含）回购A股股份方式：通过上海证券交易所交易系统以集中竞价交易方
2025-10-15,sz.002051,2025-10-14,https://static.cninfo.com.cn/finalpage/2025-10-14/1224709797.PDF,cancel,pure_cancel,原件本次A股回购用途仅为注销并减少注册资本
2025-10-15,sz.002432,2025-10-14,https://static.cninfo.com.cn/finalpage/2025-10-14/1224709326.PDF,unknown,other,原件本次用途为维护价值并择机出售，并非纯注销
2025-10-17,sz.002947,2025-10-16,https://static.cninfo.com.cn/finalpage/2025-10-16/1224714180.PDF,employee,employee,原件用途：用于员工持股计划或者股权激励4．回购股份价格：不超过人民币67.12元（含本数）5．回购股份方式：集中竞价交易方式6．回购股份期限：自董事会审议通过回购方案之日起不超过12个月7．相关人员是否存在减持计划：公司
2025-10-20,sh.600867,2025-10-18,https://static.cninfo.com.cn/finalpage/2025-10-18/1224717612.PDF,employee,employee,原件用途：本次回购后的股份用于员工持股计划及/或股权激励；●回购股份价格：不超过人民币10元/股（含）；该回购股份价格上限不高于董事会审议通过本次回购股份方案前30个交易日公司股票交易均价的150%；●回购股份数量：依照
2025-10-20,sh.688317,2025-10-17,https://static.cninfo.com.cn/finalpage/2025-10-17/1224716543.PDF,employee,employee,原件用途：回购的股份拟用于员工持股计划或股权激励
2025-10-27,sz.000821,2025-10-25,https://static.cninfo.com.cn/finalpage/2025-10-25/1224735167.PDF,employee,employee,原件用途：本次回购的股份拟用于公司实施股权激励计划或员工持股计划
2025-10-27,sz.300685,2025-10-25,https://static.cninfo.com.cn/finalpage/2025-10-25/1224732190.PDF,cancel,pure_cancel,原件本次A股回购用途仅为注销并减少注册资本
2025-10-30,sz.002311,2025-10-29,https://static.cninfo.com.cn/finalpage/2025-10-29/1224751596.PDF,cancel,mixed,原件明确10亿元用于注销，超出部分用于激励或员工持股
2025-10-31,sh.688032,2025-10-30,https://static.cninfo.com.cn/finalpage/2025-10-30/1224765039.PDF,employee,employee,原件用途：用于员工持股计划或股权激励
2025-10-31,sz.003025,2025-10-30,https://static.cninfo.com.cn/finalpage/2025-10-30/1224764302.PDF,employee,employee,"原件用途：回购股份将用于后期实施股权激励或员工持股计划；（2）回购规模：回购资金总额不低于人民币3,000万元（含）且不超过人民币5,000万元（含）；（3）回购价格：不超过人民币20.73元/股（含）；（4）回购期限："
2025-10-31,sz.301507,2025-10-30,https://static.cninfo.com.cn/finalpage/2025-10-30/1224760749.PDF,employee,employee,原件用途：拟用于股权激励
2025-11-03,sh.600835,2025-10-31,https://static.cninfo.com.cn/finalpage/2025-10-31/1224774976.PDF,cancel,other,原件首页明确本次仅回购900925(B股)，非该A股
2025-11-07,sz.300285,2025-11-06,https://static.cninfo.com.cn/finalpage/2025-11-06/1224790251.PDF,employee,employee,原件用途：本次回购的股份拟用于股权激励计划或员工持股计划，若公司未能在股份回购完成后的36个月内用于上述用途，未使用部分将予以注销
2025-11-13,sh.600655,2025-11-12,https://static.cninfo.com.cn/finalpage/2025-11-12/1224798832.PDF,employee,employee,原件用途：用于上海豫园旅游商城（集团）股份有限公司（以下简称“公司”或“豫园股份”）的员工持股计划或股权激励，若公司未能在股份回购实施结果暨股份变动公告日后3年内使用完毕已回购股份，尚未使用的已回购股份将予以注销
2025-11-13,sz.300388,2025-11-12,https://static.cninfo.com.cn/finalpage/2025-11-12/1224798445.PDF,cancel,pure_cancel,原件本次A股回购用途仅为注销并减少注册资本
2025-11-19,sz.002892,2025-11-18,https://static.cninfo.com.cn/finalpage/2025-11-18/1224809266.PDF,employee,employee,原件用途：用于实施员工持股计划或股权激励
2025-11-20,sz.002311,2025-11-19,https://static.cninfo.com.cn/finalpage/2025-11-19/1224813816.PDF,cancel,mixed,原件明确10亿元用于注销，超出部分用于激励或员工持股
2025-11-21,sz.000739,2025-11-20,https://static.cninfo.com.cn/finalpage/2025-11-20/1224814618.PDF,employee,employee,原件用途：本次回购股份拟用于股权激励或员工持股计划
2025-11-26,sh.600566,2025-11-25,https://static.cninfo.com.cn/finalpage/2025-11-25/1224823167.PDF,employee,employee,原件用途：实施员工持股计划或股权激励
2025-11-26,sz.300673,2025-11-25,https://static.cninfo.com.cn/finalpage/2025-11-25/1224822311.PDF,employee,employee,原件用途：用于股权激励或者员工持股计划，如存在尚未使用的部分，则在披露本次回购股份方案实施结果暨股份变动公告后的三年内予以注销，届时公司将严格按照相关规定履行股份注销程序
2025-12-08,sz.000423,2025-12-05,https://static.cninfo.com.cn/finalpage/2025-12-05/1224851850.PDF,cancel,pure_cancel,原件本次A股回购用途仅为注销并减少注册资本
2025-12-10,sz.000048,2025-12-09,https://static.cninfo.com.cn/finalpage/2025-12-09/1224860070.PDF,employee,employee,原件用途：本次回购的股份拟用于股权激励或员工持股计划
2025-12-10,sz.300201,2025-12-09,https://static.cninfo.com.cn/finalpage/2025-12-09/1224858026.PDF,employee,employee,原件用途：本次回购股份计划用于实施员工持股计划或股权激励
2025-12-11,sh.688617,2025-12-10,https://static.cninfo.com.cn/finalpage/2025-12-10/1224862665.PDF,employee,employee,原件用途：本次回购的股份将在未来适宜时机用于员工持股计划或股权激励，并在公司披露股份回购实施结果暨股份变动公告日之后的三年内予以转让；若公司本次回购的股份未能在上述三年内转让完毕，公司将依法履行减少注册资本的程序，未转让
2025-12-11,sz.002488,2025-12-10,https://static.cninfo.com.cn/finalpage/2025-12-10/1224860834.PDF,employee,employee,原件用途：用于实施员工持股计划或股权激励
2025-12-11,sz.300144,2025-12-10,https://static.cninfo.com.cn/finalpage/2025-12-10/1224862695.PDF,cancel,pure_cancel,原件本次A股回购用途仅为注销并减少注册资本
2025-12-12,sh.601799,2025-12-11,https://static.cninfo.com.cn/finalpage/2025-12-11/1224864557.PDF,employee,employee,"原件用途：拟用于员工持股计划回购股份金额：拟回购金额不低于20,000万元且不高于30,000万元回购期限：自董事会审议通过本次回购方案之日起12个月内回购价格：不高于180元/股回购资金来源：公司自有资金回购"
2025-12-17,sz.300079,2025-12-16,https://static.cninfo.com.cn/finalpage/2025-12-16/1224878238.PDF,employee,employee,原件用途：用于公司员工持股计划或股权激励计划，存在因员工持股计划方案或股权激励计划方案未能经董事会和股东会等决策机构审议通过等原因，导致已回购股票无法全部授出的风险
2025-12-17,sz.300723,2025-12-16,https://static.cninfo.com.cn/finalpage/2025-12-16/1224879405.PDF,maintain,other,原件用途：为维护公司价值及股东权益所必需
2025-12-17,sz.301589,2025-12-16,https://static.cninfo.com.cn/finalpage/2025-12-16/1224882133.PDF,employee,mixed,"原件用途：本次回购股份将用于股权激励、员工持股计划或可转换公司债券转股；（3）拟回购股份的价格区间：不超过240.00元/股（含本数）；（4）拟回购股份的金额及资金来源：本次拟回购金额不低于人民币7,500万元且不超过人"
